central_pressure,sea_surface_temp,relative_humidity,movement_speed,current_wind,latitude,longitude,wind_6h,wind_12h,wind_24h,wind_48h
958.0,31.0,82.0,12.0,165.0,19.5,66.8,165.0,160.0,145.0,60.0
935.0,31.2,86.0,16.0,185.0,18.2,71.7,185.0,180.0,165.0,45.0
970.0,30.0,78.0,14.0,150.0,18.7,70.3,150.0,140.0,115.0,45.0
988.0,29.5,88.0,18.0,75.0,23.5,68.6,75.0,72.0,65.0,35.0
984.0,30.5,84.0,15.0,110.0,15.2,71.2,110.0,95.0,65.0,35.0
958.0,30.8,80.0,20.0,165.0,17.5,68.2,165.0,160.0,150.0,75.0
960.0,31.5,82.0,14.0,175.0,12.0,56.5,175.0,165.0,150.0,55.0
940.0,30.2,79.0,15.0,215.0,14.0,60.5,210.0,195.0,165.0,65.0
949.1,30.8,80.2,17.8,124.0,15.88,65.52,124.7,126.0,144.5,131.7
1001.5,30.5,82.3,23.0,55.8,21.78,64.7,61.1,71.7,80.5,49.9
981.6,29.7,92.2,10.3,93.0,22.66,71.49,99.6,110.2,126.3,77.6
969.5,31.3,78.8,10.3,96.0,21.72,71.78,97.1,102.0,106.6,60.7
929.2,28.1,92.6,18.0,124.1,16.9,66.35,122.5,119.1,125.6,119.4
929.2,27.7,72.3,25.0,106.2,19.57,67.21,95.7,82.2,55.8,52.1
920.3,30.9,90.2,15.5,160.7,22.69,69.61,170.3,186.4,208.1,130.8
993.8,29.1,92.0,13.9,53.4,17.05,66.8,52.3,47.2,40.0,38.3
969.7,30.8,74.7,18.9,87.7,21.79,71.46,83.5,83.1,82.2,49.0
979.4,31.0,81.2,24.7,74.5,14.09,64.91,70.3,70.9,63.2,63.3
916.9,27.5,74.3,23.1,112.5,14.03,64.32,107.2,90.9,65.9,54.8
1003.3,31.0,88.4,25.9,45.0,21.22,65.77,42.8,43.2,39.8,37.6
990.8,29.1,83.9,8.4,48.4,21.23,66.43,42.3,40.0,35.0,30.0
934.3,29.4,86.5,10.0,130.8,21.5,64.96,130.7,136.5,143.0,132.6
931.5,29.9,75.1,19.0,132.9,22.84,64.56,128.7,125.4,120.2,76.3
931.7,31.2,75.5,22.8,149.9,15.12,70.42,158.7,171.9,190.1,176.2
942.7,27.3,71.1,13.1,125.6,16.2,65.4,127.7,136.2,148.5,136.1
962.8,29.3,78.4,12.3,113.5,22.59,71.77,118.5,130.6,139.2,94.6
954.3,30.2,84.6,22.2,126.7,15.68,67.13,134.8,151.4,173.1,159.7
941.5,30.3,92.3,9.0,131.2,20.48,69.7,137.6,150.1,169.7,167.0
970.7,30.2,87.3,14.6,104.5,19.04,65.92,109.6,119.9,136.1,128.7
927.7,27.8,81.3,17.1,142.5,14.79,66.04,149.3,153.9,162.1,152.2
941.6,28.5,94.8,18.1,99.2,16.71,68.89,95.6,84.9,73.1,71.5
948.3,28.7,88.7,21.1,127.0,18.94,68.77,131.9,142.4,160.8,157.4
956.5,30.7,94.2,14.4,100.6,22.1,70.53,101.3,108.4,107.6,62.7
986.5,28.4,83.7,19.0,81.2,20.72,70.44,85.2,96.4,105.9,98.8
933.2,28.1,76.7,18.5,103.5,19.91,69.7,93.7,80.6,55.5,55.7
961.8,31.3,71.4,17.9,89.6,18.71,67.82,86.2,75.6,63.4,61.2
968.9,27.2,88.9,19.5,80.8,16.84,71.57,77.8,72.8,60.4,61.2
919.2,31.5,73.2,12.7,139.4,15.13,69.29,138.2,136.0,128.6,124.0
970.3,30.1,77.9,9.5,113.7,17.89,72.42,120.6,127.1,135.9,135.5
930.5,30.8,83.8,10.1,112.5,14.27,70.96,110.5,103.5,88.2,84.5
920.9,28.5,84.7,12.0,114.6,16.01,64.38,109.6,96.3,87.3,83.7
1001.3,27.3,85.6,17.0,45.0,18.11,66.73,40.0,40.0,35.0,34.4
1002.9,30.4,74.3,23.1,45.0,17.98,68.86,40.0,40.0,37.5,35.1
988.6,30.8,79.9,20.6,80.7,14.42,70.13,85.2,90.4,91.6,90.0
942.7,30.4,86.0,22.2,109.5,19.6,68.68,107.2,101.1,88.4,84.8
923.9,27.8,95.2,14.3,136.1,19.22,70.68,134.0,138.4,139.9,135.6
977.3,30.4,88.9,15.3,87.9,14.74,66.4,90.2,88.1,91.8,90.5
955.1,30.5,94.0,15.1,128.4,22.96,65.56,137.2,157.5,190.7,119.8
926.1,30.0,89.8,11.5,113.1,14.94,64.46,108.8,99.6,92.0,89.2
960.1,30.5,85.4,9.1,120.9,22.12,68.87,126.8,136.5,161.5,96.6
918.1,30.8,75.0,18.6,155.7,14.0,69.85,160.4,167.6,178.6,167.7
997.7,29.8,87.3,25.8,50.9,22.38,66.77,54.1,54.9,62.1,41.4
938.5,27.6,86.2,11.0,104.0,14.19,69.22,97.1,91.1,84.5,85.3
975.3,29.3,85.7,8.8,86.6,21.2,64.44,87.0,85.5,81.7,70.8
943.4,27.5,82.7,22.0,122.4,17.44,64.84,122.0,125.2,125.4,117.2
962.3,29.0,83.7,12.5,121.6,21.01,69.96,129.7,141.8,153.0,145.5
964.8,29.0,78.7,22.9,85.5,17.82,67.13,80.4,72.4,58.6,52.5
931.8,27.5,83.5,20.7,100.7,14.67,69.71,91.4,75.7,51.8,46.3
1003.2,28.7,75.1,25.0,45.0,21.29,71.07,40.0,40.0,35.0,34.9
985.5,27.7,90.9,15.4,69.8,14.68,71.25,70.3,68.5,61.8,64.2
1000.5,30.7,74.8,19.9,45.0,22.76,65.46,40.0,40.0,35.0,30.0
996.4,31.3,72.2,16.4,69.1,14.48,68.13,69.0,84.0,82.6,77.9
969.4,27.5,81.3,19.4,86.8,18.55,70.24,84.0,74.7,64.3,62.7
998.9,31.3,87.1,16.1,60.0,20.87,70.58,60.5,68.5,79.9,78.7
923.1,29.4,81.4,11.4,134.4,17.74,70.67,134.1,133.5,137.1,131.3
932.8,28.5,77.2,17.1,110.5,16.06,65.94,104.0,99.0,85.6,87.5
919.1,27.5,84.5,17.5,123.9,21.21,65.64,119.4,110.7,104.9,99.8
944.6,29.4,79.0,22.6,123.5,21.45,69.02,124.2,129.2,136.3,134.1
950.4,30.6,94.3,21.2,121.4,22.77,70.3,129.4,138.0,156.6,94.8
939.7,30.2,94.0,19.9,144.6,17.57,66.71,156.6,172.5,193.0,183.6
990.4,27.4,83.1,10.0,55.0,18.81,64.89,49.0,41.8,35.0,30.0
947.5,27.5,78.5,21.0,115.0,17.45,70.09,114.2,117.6,115.9,113.3
940.6,28.9,89.2,17.0,129.3,16.44,66.55,133.5,139.8,152.9,144.8
964.4,28.5,71.0,24.1,86.9,21.13,65.41,76.8,68.9,59.8,58.0
927.8,28.2,82.3,24.6,118.4,17.23,65.26,114.1,106.5,94.9,89.0
988.0,28.4,78.7,9.0,57.0,18.07,66.68,52.8,43.6,35.0,35.3
921.8,30.7,93.9,22.8,136.9,17.83,69.04,142.7,151.9,163.2,156.4
1004.8,31.2,70.3,8.7,45.0,20.77,67.05,40.0,40.0,35.0,30.0
985.3,28.9,84.4,14.6,55.8,22.72,64.18,46.8,40.0,35.0,30.0
933.1,31.1,89.3,17.8,117.9,20.33,64.82,117.3,114.7,121.1,115.0
915.5,28.6,82.6,10.7,129.2,18.48,66.47,127.4,125.1,125.8,121.9
989.2,29.2,72.2,21.4,75.9,21.4,69.61,77.0,79.2,81.4,83.8
979.3,28.2,95.3,8.2,57.4,20.09,64.84,51.2,40.0,35.0,34.3
981.3,30.0,83.5,11.0,92.5,14.58,68.77,98.8,104.4,121.2,118.7
985.2,31.4,86.0,18.5,91.2,14.91,65.02,98.0,113.8,133.0,120.7
921.7,29.8,76.2,20.9,132.8,14.36,65.8,132.7,136.7,140.1,140.2
947.6,28.7,82.6,24.5,126.9,18.34,65.46,135.3,142.8,151.5,146.0
925.5,30.0,81.2,20.7,118.3,21.85,64.57,111.7,98.0,81.3,50.2
993.5,27.7,71.9,20.1,56.2,16.97,69.71,48.0,40.3,35.0,32.7
971.7,31.0,72.8,15.1,99.1,17.65,67.94,97.8,93.7,90.7,82.3
945.1,29.4,91.8,8.0,108.3,22.64,71.06,106.0,101.2,99.0,58.5
920.8,29.1,76.2,10.2,128.8,21.95,64.84,127.9,122.4,112.3,76.3
943.3,29.7,75.1,17.6,131.2,20.32,65.23,135.6,144.4,167.0,155.2
944.6,29.9,83.1,20.2,111.7,16.53,66.6,111.4,106.4,109.5,100.5
981.4,27.5,90.0,15.5,61.6,15.11,70.51,55.5,42.0,35.0,30.8
973.0,30.1,71.6,21.2,98.3,14.15,66.6,94.9,92.3,95.3,86.4
995.7,28.2,85.0,17.4,45.0,15.02,67.47,40.4,40.0,35.0,33.3
958.0,30.3,73.1,9.3,119.1,16.78,66.56,123.0,125.5,140.0,136.8
925.9,30.7,70.9,11.5,145.2,19.24,64.68,150.2,156.0,163.9,153.5
979.9,30.7,71.4,23.1,97.2,14.61,71.99,100.9,114.5,129.4,118.1
984.2,29.6,91.7,21.0,81.7,15.29,68.66,84.1,90.2,103.8,99.6
966.1,29.4,73.1,24.1,83.8,15.72,70.7,77.8,67.5,56.0,53.0
985.2,27.8,71.2,10.1,55.0,20.0,69.6,48.4,40.0,35.0,36.8
959.9,30.5,81.4,25.8,108.9,19.85,68.37,112.2,123.7,129.3,121.3
962.6,28.4,91.9,11.8,93.1,19.23,64.76,92.6,89.1,81.9,76.9
953.9,29.3,76.8,8.2,99.5,16.38,69.46,94.5,86.6,76.5,72.2
917.3,28.4,81.0,26.0,140.4,17.53,65.32,139.6,146.5,143.1,136.3
924.8,27.8,71.0,13.1,135.9,14.92,67.52,137.9,137.7,130.0,122.1
917.9,29.9,81.7,20.0,121.1,16.15,69.35,116.4,106.1,99.5,92.6
972.9,27.4,85.0,11.2,75.1,22.53,70.65,72.0,63.9,55.7,30.0
943.6,30.4,84.8,18.4,105.3,23.31,69.82,100.0,90.8,79.1,47.0
961.3,28.6,78.6,24.3,105.0,20.15,69.71,106.4,108.0,110.3,107.3
997.6,27.2,78.2,13.8,45.0,22.71,65.27,40.0,40.0,35.0,30.0
937.7,29.4,72.8,20.1,132.6,20.11,66.94,137.8,139.8,149.3,140.2
952.3,27.4,79.5,11.4,110.5,14.32,64.36,112.0,109.5,106.4,105.7
983.8,28.4,72.6,19.2,69.2,23.47,70.12,65.8,58.1,50.1,31.0
935.8,30.2,89.9,14.1,131.4,14.94,72.1,134.3,139.2,153.0,140.7
922.0,27.5,95.1,11.8,140.5,20.49,66.24,144.8,147.1,152.8,139.4
941.4,30.8,95.2,13.6,136.0,16.4,64.75,144.5,158.5,183.0,178.2
929.7,27.2,92.5,11.2,138.8,17.72,68.04,145.2,156.3,167.0,157.3
999.6,28.3,85.6,24.2,45.0,20.14,71.28,43.2,40.0,35.0,30.0
988.5,30.4,88.2,15.1,72.4,18.15,68.69,74.9,72.7,79.7,67.8
972.6,28.6,77.4,12.4,106.1,16.38,64.4,113.5,118.9,134.4,126.3
994.3,27.6,86.4,16.1,64.1,17.18,72.28,63.7,65.1,67.5,65.5
988.1,28.7,81.8,13.8,80.7,17.24,71.04,86.1,94.2,101.2,93.7
932.0,28.4,82.5,21.4,112.6,23.11,65.12,107.8,101.2,89.5,51.8
996.2,30.8,89.7,25.5,78.5,21.59,71.84,84.5,101.9,125.5,75.9
964.1,28.5,77.3,15.9,82.8,18.36,67.83,76.5,66.4,57.9,59.3
988.5,30.6,78.3,23.5,95.1,15.9,67.16,100.6,108.7,134.9,123.2
996.5,31.0,94.0,18.2,74.3,21.7,67.92,82.3,93.4,104.4,62.5
943.9,29.1,71.5,10.8,96.1,15.49,71.09,87.9,74.2,55.1,56.6
925.0,31.1,82.6,20.4,128.5,16.0,69.61,130.0,129.5,115.4,111.4
935.7,28.8,93.7,17.2,136.9,17.48,64.5,141.5,149.7,170.8,162.9
953.9,31.3,85.9,19.7,98.4,22.36,72.14,99.0,93.0,94.9,56.6
989.4,27.6,84.2,24.0,58.2,15.25,65.26,55.9,51.9,45.7,43.5
993.3,30.2,76.5,15.9,49.3,15.16,70.34,46.1,40.0,35.0,31.4
915.6,29.3,78.9,24.2,137.1,18.69,69.41,134.1,125.6,120.4,111.4
961.5,28.9,92.2,21.5,91.4,16.63,65.59,87.2,83.0,75.5,68.0
953.0,29.9,84.5,16.8,92.3,19.4,65.45,84.1,72.7,59.6,59.4
935.2,30.2,83.4,18.9,133.9,18.29,71.4,136.9,143.4,155.5,147.5
925.9,27.2,72.6,13.9,119.3,18.13,67.57,113.1,99.4,85.9,82.7
945.7,27.9,70.4,25.7,113.4,15.06,69.56,112.1,105.6,95.4,91.2
1000.8,30.3,95.1,20.0,65.9,15.34,68.28,75.2,90.4,112.1,108.1
944.4,30.1,79.8,8.8,136.6,21.8,70.18,145.3,158.2,170.7,104.9
962.2,31.4,85.7,13.9,124.7,22.42,68.07,131.1,145.3,160.3,97.7
979.0,30.5,72.1,19.2,81.8,16.23,66.44,79.8,76.2,75.7,69.0
948.1,31.3,87.8,9.0,116.3,15.08,67.09,120.4,127.7,133.0,121.4
1003.4,30.2,94.2,8.4,45.0,14.51,71.3,45.0,51.7,59.4,52.5
1002.6,28.5,85.0,16.1,58.4,19.78,67.98,63.8,77.1,98.4,92.2
937.9,27.7,73.3,14.0,115.4,20.8,65.81,112.7,108.4,96.4,86.0
960.2,30.6,85.1,15.9,92.4,17.54,71.94,83.2,77.3,65.3,57.2
942.4,30.0,89.9,12.7,122.2,20.46,70.77,128.3,133.3,141.8,138.3
940.9,27.4,80.6,11.0,107.8,20.77,64.47,103.2,93.2,80.3,77.0
918.4,28.7,92.9,20.4,119.9,22.89,72.49,118.0,110.1,109.7,66.4
970.5,31.3,86.9,17.3,85.8,14.62,69.91,84.7,84.1,89.5,92.9
960.7,29.4,93.4,11.6,102.3,15.83,65.36,100.8,105.4,111.7,100.3
919.7,29.1,86.2,13.8,121.4,14.65,66.02,117.3,106.7,100.0,98.4
940.4,29.2,73.4,18.7,124.8,22.25,69.89,124.2,123.4,121.6,75.0
997.7,28.1,78.1,9.3,45.0,21.53,70.63,40.0,40.0,35.0,30.0
936.8,28.8,75.2,10.7,128.9,19.46,66.03,132.3,135.4,137.8,131.3
928.2,28.8,93.6,9.3,137.2,14.79,66.18,142.8,148.3,153.4,139.2
959.5,27.4,89.8,22.6,112.3,16.6,66.61,120.4,126.2,142.5,135.7
1004.7,30.5,87.6,21.5,45.0,16.83,69.08,43.6,40.0,38.0,37.3
937.0,29.0,77.8,21.6,124.7,19.33,65.46,123.2,124.1,123.4,109.6
976.2,30.7,74.8,20.9,99.8,16.45,64.89,104.1,111.6,122.9,123.6
984.3,30.9,89.7,20.0,96.5,14.69,69.77,104.7,116.0,128.2,122.9
936.6,28.1,82.3,16.6,104.4,20.94,70.62,98.3,85.8,62.5,61.8
981.3,30.0,75.9,19.6,69.6,16.84,68.26,61.8,52.2,41.0,34.9
948.5,29.2,86.0,8.7,112.9,18.3,67.09,112.5,115.0,111.8,108.6
972.5,31.0,71.0,19.2,91.2,15.21,67.67,92.8,88.0,84.0,83.6
972.7,28.1,78.5,22.0,86.6,21.62,67.3,83.8,79.3,73.1,46.2
963.8,30.1,82.2,17.0,109.4,19.37,72.16,113.7,114.1,117.8,111.9
923.2,29.8,73.8,14.4,118.0,22.57,70.53,111.9,99.3,78.3,45.4
991.0,28.5,95.6,13.0,76.3,18.71,65.77,84.3,90.2,99.2,93.5
944.2,27.8,75.4,19.6,108.3,22.94,67.27,104.2,101.9,94.9,57.0
932.0,30.0,73.4,20.5,134.5,22.47,68.62,134.6,139.3,145.6,92.3
918.7,30.4,75.3,23.7,142.0,19.48,69.21,142.2,144.8,138.9,128.9
968.8,28.6,90.0,14.2,93.7,22.87,67.98,91.6,92.7,94.1,60.3
976.7,30.0,81.1,21.9,87.4,17.07,70.89,87.2,85.3,87.3,80.0
916.5,28.9,84.7,18.1,148.4,17.47,70.52,153.7,159.5,167.4,158.1
961.6,30.3,70.5,23.9,98.6,14.43,68.29,100.8,103.4,106.6,103.5
935.6,28.1,70.9,17.5,126.6,19.6,71.26,126.8,130.1,127.4,118.6
973.7,31.0,81.6,17.3,106.7,20.86,70.38,114.8,126.8,143.4,138.5
930.9,28.4,91.2,18.4,139.5,21.35,70.62,148.0,157.2,172.1,165.4
977.9,28.8,93.0,21.5,71.4,15.42,72.13,66.7,65.6,51.4,47.9
950.2,27.4,72.3,25.4,110.6,18.22,66.26,106.5,98.0,92.6,92.0
1000.2,27.7,84.0,9.3,45.0,15.68,66.28,45.1,40.0,35.0,33.5
927.5,29.4,93.7,9.0,119.6,20.29,71.56,118.2,119.8,115.7,113.8
946.0,28.4,80.1,24.9,102.2,15.5,70.56,99.5,89.3,80.1,82.4
925.3,30.8,91.6,17.5,138.3,22.59,71.88,144.2,153.6,169.8,104.4
999.1,27.3,73.5,19.1,45.4,16.19,64.54,40.0,40.0,35.0,35.5
994.8,28.8,94.3,16.7,62.5,16.77,69.34,66.1,71.0,76.6,70.5
938.5,28.7,89.5,9.7,113.1,22.08,65.23,111.4,105.3,106.0,62.1
975.1,27.3,94.5,21.8,78.1,18.36,68.28,77.6,73.7,72.8,68.5
989.4,27.7,87.6,21.5,48.1,14.23,65.32,40.0,40.0,35.0,30.0
965.5,29.0,79.4,13.6,80.6,18.7,65.09,71.9,56.8,36.2,31.1
963.2,29.3,94.4,13.5,107.4,14.8,64.1,113.3,125.0,140.1,135.2
937.0,28.9,77.2,23.1,136.3,23.36,69.36,139.7,147.2,155.4,94.5
923.5,29.5,78.6,9.3,125.7,19.59,67.05,125.3,123.9,114.4,111.2
996.6,29.8,88.2,23.9,63.3,16.44,64.89,71.1,74.6,78.8,75.9
996.9,27.2,89.9,12.6,63.7,19.36,66.74,71.1,83.0,93.0,94.8
972.6,29.2,94.2,18.7,73.5,14.73,65.44,71.2,69.4,65.2,63.8
945.9,31.3,75.3,24.8,133.3,21.6,72.0,137.3,147.9,162.2,104.5
946.8,29.4,90.7,20.2,92.4,22.79,66.72,86.9,76.1,70.0,44.8
981.1,30.1,89.2,15.5,74.6,22.31,66.84,74.1,71.7,70.3,44.7
996.6,28.5,71.7,20.4,45.0,17.25,71.14,40.0,40.0,35.0,37.3
995.7,30.5,80.1,14.2,75.3,17.09,69.51,82.0,92.2,111.2,107.9
986.0,30.5,77.4,13.0,88.9,14.33,70.04,94.9,102.8,115.1,110.1
973.4,29.4,77.9,25.9,89.7,20.19,69.41,89.5,88.5,89.7,85.9
922.7,31.4,95.6,21.5,159.0,19.08,72.04,171.1,187.9,208.7,200.2
929.7,27.7,86.7,19.6,125.1,18.36,65.76,124.4,126.8,133.3,124.3
996.8,27.3,88.7,14.4,54.5,22.62,72.41,56.5,55.7,60.9,35.2
970.2,30.5,95.4,8.9,109.4,15.59,71.06,117.2,131.3,154.4,151.7
915.8,30.7,79.8,8.6,156.1,14.09,69.01,160.2,168.3,179.2,176.8
924.2,27.7,90.8,18.0,113.5,14.7,69.63,109.1,105.5,92.2,84.3
975.4,28.3,81.3,21.7,94.1,16.12,69.52,99.2,108.2,117.9,109.7
915.5,27.3,92.6,17.7,147.1,14.32,64.5,153.3,163.7,177.7,172.8
929.6,28.5,74.7,23.1,115.7,18.78,65.85,110.9,106.7,97.4,94.4
964.9,30.5,94.6,8.6,85.0,16.98,72.17,82.6,79.8,76.5,75.0
978.0,29.4,75.7,14.6,91.0,15.71,68.54,92.5,95.1,95.6,94.0
974.3,28.7,78.5,12.3,101.9,21.13,67.22,103.6,105.6,110.0,103.7
935.4,28.8,89.7,16.1,117.0,15.94,70.48,114.1,112.2,110.3,106.0
979.8,27.2,80.2,9.3,53.4,20.53,68.46,43.5,40.0,35.0,34.1
936.6,28.5,85.8,25.2,104.2,17.32,64.11,99.4,87.9,78.8,71.8
944.6,30.0,81.6,12.0,114.1,18.86,70.26,113.0,107.1,100.2,96.3
982.9,31.4,89.3,24.6,90.1,22.87,70.22,98.3,111.4,132.7,86.6
974.1,30.8,75.9,15.7,96.4,14.35,65.4,96.4,98.1,104.6,98.2
992.3,27.3,71.5,25.7,68.2,18.75,72.13,69.9,67.7,69.3,66.4
974.8,31.1,77.8,18.0,87.0,22.12,65.9,85.9,82.3,80.5,50.6
966.7,30.6,82.3,24.8,95.0,19.59,67.89,96.8,97.5,90.8,85.3
923.5,30.6,74.4,8.1,119.8,16.63,64.98,113.5,100.3,82.3,80.6
948.5,29.2,79.2,21.5,121.6,17.78,69.13,128.3,133.0,137.5,128.3
939.1,28.9,80.4,24.3,135.3,20.46,67.19,141.7,151.0,171.0,167.1
937.2,28.5,71.5,10.5,112.7,22.46,67.0,108.2,102.9,92.6,59.6
1003.5,27.5,85.2,9.7,45.0,14.39,71.03,40.0,40.0,35.0,30.0
950.8,28.2,93.0,15.6,97.3,14.68,64.08,90.4,83.5,74.1,76.3
996.2,28.3,73.9,24.8,63.8,17.09,70.78,63.2,65.5,71.5,68.5
972.4,29.3,85.5,17.8,95.5,16.21,68.86,97.8,104.8,114.0,105.8
987.3,30.4,87.3,17.5,68.6,16.52,72.38,71.5,75.5,86.9,86.4
960.7,29.2,80.9,10.5,105.0,16.1,69.01,105.9,110.1,117.8,113.7
967.5,27.4,88.2,8.0,71.4,15.86,64.47,64.4,58.4,36.3,30.0
959.8,31.3,80.7,22.6,115.2,15.24,64.43,120.6,132.9,138.1,129.4
932.8,31.3,83.1,9.6,122.6,22.87,71.51,121.1,117.0,114.6,72.0
980.7,30.6,70.2,19.4,82.0,15.37,71.15,84.2,75.1,64.6,53.8
940.6,31.5,88.0,24.5,115.7,15.94,66.94,113.8,115.9,117.8,112.2
917.2,29.5,87.2,11.8,142.7,16.34,69.25,145.9,152.2,153.7,146.6
973.7,31.3,71.0,20.0,86.0,22.86,68.16,81.2,77.7,72.3,40.7
931.1,27.5,79.6,9.4,128.3,21.18,72.22,129.8,130.2,133.3,127.6
1000.6,28.8,95.5,18.9,45.0,21.5,72.07,41.6,42.9,46.5,30.0
1001.8,28.2,80.9,11.0,51.2,15.0,72.36,50.5,56.9,58.9,51.8
998.3,28.0,83.1,21.2,46.7,21.94,71.36,44.8,45.6,42.1,30.0
948.7,27.8,93.7,13.4,111.5,17.88,71.73,116.5,116.1,119.3,116.2
916.4,29.9,88.6,16.3,150.2,16.5,65.85,155.9,162.3,171.0,161.4
999.5,30.6,85.1,18.8,45.0,19.47,71.06,40.0,40.0,35.0,32.6
954.0,29.7,90.7,11.1,122.3,21.81,70.03,127.1,138.8,158.4,100.7
1003.0,27.8,92.5,21.3,45.0,21.4,72.18,43.1,40.0,35.0,32.5
1002.7,30.7,81.9,13.4,45.0,22.45,68.86,40.0,40.0,35.0,30.0
992.6,29.9,82.4,19.9,89.5,22.82,64.72,95.6,111.4,133.5,84.5
941.8,28.9,80.0,10.8,106.1,16.26,69.08,104.5,102.4,94.7,87.1
950.0,30.1,95.1,20.4,124.2,18.03,69.84,133.0,146.2,156.8,147.6
992.5,28.3,88.1,10.3,76.8,14.14,65.87,85.1,92.7,106.2,106.0
943.8,28.7,72.2,15.7,117.6,22.35,67.35,114.3,111.2,103.1,63.4
930.4,31.1,92.4,12.4,117.9,15.47,69.09,113.3,110.0,104.8,99.6
965.7,28.4,82.5,21.5,113.2,22.18,67.18,119.1,129.8,140.7,89.0
1000.2,29.2,71.8,12.7,45.0,17.13,67.19,42.1,40.0,35.0,35.0
978.3,31.0,84.3,23.9,86.5,17.5,65.13,90.0,100.4,111.6,102.8
966.9,30.2,80.8,24.1,89.8,14.37,72.0,88.0,79.3,70.4,66.7
923.8,27.5,92.8,11.5,139.5,17.11,70.38,141.3,150.4,166.3,158.1
971.0,27.8,75.3,19.0,78.6,22.44,64.01,73.8,69.6,47.5,30.4
1005.1,27.2,91.5,9.6,45.0,14.24,70.51,40.0,40.0,35.0,34.3
927.7,29.9,84.5,15.0,123.7,17.86,70.29,123.9,122.1,122.8,125.7
962.2,29.1,71.4,20.8,80.5,14.3,64.08,70.7,53.2,37.5,31.5
994.8,27.8,95.3,19.9,45.0,17.52,67.14,40.0,40.0,35.0,36.7
982.4,31.3,83.3,19.2,97.3,15.64,69.16,106.0,120.2,142.8,139.8
978.4,29.5,77.6,13.1,84.3,16.4,67.85,81.3,83.6,86.9,84.3
978.9,28.2,82.2,14.8,78.2,22.34,70.61,77.8,77.6,75.8,44.7
947.7,29.4,92.3,9.9,121.4,18.14,67.62,124.4,129.2,136.4,135.4
941.7,30.1,77.9,20.9,120.5,16.6,65.31,123.0,127.0,123.2,109.4
988.7,27.5,75.0,17.1,63.8,19.6,72.3,62.3,58.4,48.2,43.4
988.7,28.4,73.4,20.8,66.8,15.35,66.06,67.5,66.4,54.1,55.5
993.9,30.7,77.7,12.5,45.0,16.46,70.1,40.0,40.0,35.0,32.0
998.1,29.2,90.3,13.8,68.4,19.19,65.22,76.4,89.1,109.9,110.0
961.5,29.6,82.3,14.0,81.0,16.26,66.8,77.5,69.7,50.1,42.3
960.6,29.1,75.9,8.5,96.1,20.45,67.76,93.5,89.9,87.4,79.1
987.6,27.4,74.3,14.1,59.6,18.67,65.63,50.5,40.0,35.0,31.4
974.1,27.9,78.7,22.5,64.5,21.33,67.82,57.0,43.7,35.0,34.7
978.9,29.1,94.4,24.2,85.9,23.01,65.34,87.0,96.6,99.3,60.8
987.4,28.1,78.9,17.3,70.1,15.1,68.75,72.8,73.1,70.5,65.3
996.0,27.4,95.7,16.2,51.4,17.18,69.64,54.6,54.3,55.4,57.6
945.8,30.8,82.6,8.6,123.8,17.04,64.53,131.7,134.9,144.3,142.3
949.2,31.4,74.7,23.8,103.6,15.44,71.4,99.3,90.6,77.6,72.2
923.6,30.6,93.2,8.2,126.8,21.7,65.57,126.8,123.8,121.7,69.5
967.6,30.9,82.0,25.0,113.5,21.22,65.92,120.5,134.9,156.3,140.9
918.3,28.2,88.5,16.8,146.7,18.6,69.62,153.2,161.1,182.7,174.4
957.4,31.3,95.6,14.2,111.1,19.11,67.98,115.4,124.0,140.1,135.4
964.4,28.0,71.3,24.6,107.2,14.57,68.24,104.4,110.2,120.4,114.6
941.1,31.3,72.5,8.4,121.9,19.28,65.09,119.9,119.3,119.3,113.1
968.8,31.5,88.7,18.5,114.2,21.52,70.85,121.1,138.3,161.3,97.2
917.8,30.3,77.3,17.9,138.0,19.45,69.24,140.7,136.0,136.8,132.2
918.4,31.4,74.8,11.9,160.9,16.52,65.15,173.1,181.2,198.2,194.2
989.9,29.6,71.0,15.7,76.0,20.34,67.18,74.5,72.1,75.7,64.2
947.8,28.3,70.6,19.7,103.9,17.43,70.89,99.8,87.7,63.9,60.5
926.6,29.1,90.1,21.1,126.5,19.18,68.83,129.3,132.7,131.9,121.9
962.5,29.8,73.5,8.0,80.1,18.63,64.92,69.2,49.2,35.0,30.0
985.1,27.5,82.2,24.9,52.2,17.62,67.17,43.0,40.0,35.0,30.0
934.6,29.9,85.8,11.0,134.5,20.83,66.06,136.9,143.0,156.9,150.4
971.7,31.4,81.1,12.2,113.2,22.4,68.4,124.1,143.8,166.2,104.4
922.8,28.0,70.7,12.7,112.6,14.05,71.17,101.0,82.9,60.6,62.7
919.7,30.6,90.4,8.7,124.1,22.87,67.71,121.3,118.2,115.5,71.6
963.4,31.1,70.3,10.2,92.6,18.86,67.68,87.1,80.4,64.7,55.4
964.2,31.3,89.8,25.8,114.5,20.66,71.7,125.0,143.4,168.6,159.3
973.0,31.3,93.2,13.7,77.8,22.13,68.9,75.1,70.6,61.6,33.3
981.1,29.4,81.3,10.1,92.9,18.44,68.81,95.3,102.2,109.7,100.0
1003.8,31.4,83.9,9.9,45.0,21.93,66.23,44.7,48.0,46.5,30.8
962.0,30.5,82.4,21.0,85.4,15.69,69.17,84.7,75.7,66.8,64.2
944.4,27.9,80.1,23.4,119.0,15.51,68.9,119.3,121.7,126.4,122.1
987.4,29.3,93.1,12.6,58.2,20.25,67.37,52.0,40.0,35.0,32.0
939.6,30.3,93.2,8.4,133.5,22.27,72.42,140.7,152.8,169.1,107.6
954.9,28.3,78.7,12.0,84.2,22.48,71.5,74.5,64.2,41.9,30.0
922.1,30.0,86.0,9.0,145.3,20.12,70.37,147.4,151.7,170.6,166.0
917.3,30.1,94.1,9.9,119.5,18.99,68.57,120.0,113.9,99.3,95.5
1002.6,27.9,95.0,15.8,56.0,17.15,67.93,61.8,74.9,97.2,91.6
991.1,29.6,83.2,12.1,57.9,23.31,65.57,54.6,50.4,42.9,30.0
978.3,30.5,81.8,17.3,87.3,17.04,66.6,88.7,91.1,96.1,91.3
952.2,29.3,77.2,12.6,113.6,21.07,70.58,116.0,113.6,110.5,110.6
930.8,27.3,94.9,24.9,131.8,19.05,67.86,131.6,135.2,139.4,133.3
929.2,27.2,73.7,24.3,107.0,19.78,71.5,99.5,85.9,68.3,64.9
937.8,28.7,85.1,18.2,131.6,17.74,65.26,139.3,145.9,159.6,150.8
965.0,31.2,77.3,14.4,104.2,23.17,68.32,105.6,104.1,108.6,70.3
980.0,28.2,77.3,14.9,86.9,19.43,69.5,85.4,86.4,86.0,84.1
975.1,29.9,80.5,15.4,68.5,22.91,68.39,61.2,55.2,54.6,32.9
940.5,28.2,96.0,21.1,140.3,14.07,71.56,148.0,159.0,181.7,168.5
1001.9,28.6,71.4,16.1,51.8,19.44,72.41,55.3,53.6,60.0,53.8
982.1,30.8,85.0,23.4,91.6,20.81,64.98,97.5,107.9,122.3,115.5
965.4,30.3,72.1,25.0,104.6,21.08,65.1,106.9,106.3,105.8,105.3
970.7,27.6,74.0,14.0,99.8,22.6,65.11,96.7,92.2,89.9,54.9
953.2,29.0,81.4,18.1,105.0,14.04,69.79,101.8,101.1,103.8,96.5
937.5,27.3,83.3,9.7,97.0,14.0,67.17,87.6,71.3,46.4,37.9
947.4,29.3,76.7,11.6,106.9,18.49,70.23,105.1,96.1,81.2,82.4
984.0,30.0,78.2,15.4,74.9,14.28,67.45,74.1,73.0,72.9,71.2
916.3,27.7,72.3,11.7,146.1,23.26,69.33,148.1,146.3,151.1,96.5
925.6,28.4,77.9,23.8,120.3,16.11,70.54,115.6,102.0,86.3,85.3
919.2,28.9,95.1,10.8,147.5,18.49,68.66,155.9,168.3,179.5,169.9
918.7,31.2,94.6,16.2,134.1,14.58,68.59,133.7,129.5,137.1,130.5
992.8,31.5,78.7,18.9,84.9,18.96,64.75,92.3,99.9,116.5,115.9
979.0,27.4,84.8,20.5,77.4,17.61,67.49,74.3,66.7,57.4,55.2
958.1,30.5,93.6,14.9,115.0,14.42,68.64,124.4,132.8,141.9,136.9
923.9,28.8,70.2,23.6,115.4,17.18,67.93,105.6,92.7,70.7,70.2
959.7,28.9,91.1,18.2,116.4,17.72,71.66,121.0,131.5,149.5,144.3
958.1,30.4,94.7,15.9,105.6,23.4,71.71,109.5,120.9,130.3,80.3
930.8,31.1,72.4,9.2,148.7,15.97,70.99,154.9,168.2,187.7,178.2
954.5,31.3,74.2,16.4,109.7,19.18,67.19,108.8,103.6,93.9,92.0
951.3,29.7,95.0,22.8,98.5,23.38,70.1,95.7,87.0,79.9,52.3
971.0,28.7,84.0,19.1,86.8,21.52,67.36,85.0,92.9,98.9,65.4
972.8,30.6,70.4,23.0,94.3,23.44,65.98,97.1,99.8,104.7,66.8
919.1,28.3,76.7,16.9,111.7,23.2,66.91,104.2,90.8,70.1,45.5
949.1,29.6,81.7,10.1,111.2,18.65,64.6,113.5,113.5,122.7,115.0
972.0,28.7,88.0,8.2,88.5,20.62,66.82,87.7,88.6,91.3,84.7
960.8,30.0,89.1,13.5,102.3,15.05,67.92,104.1,101.6,108.2,105.5
992.9,28.2,95.9,20.6,49.8,18.19,72.12,48.0,44.7,39.5,35.5
974.9,28.0,77.5,22.2,91.8,21.69,66.66,96.5,101.1,104.4,64.6
929.8,31.1,84.0,13.3,119.5,18.8,71.67,119.9,114.5,106.9,106.4
921.4,27.6,83.9,16.9,131.2,20.68,65.95,130.0,125.8,122.5,120.7
973.5,29.4,80.5,15.6,98.5,21.08,65.62,101.6,115.5,128.9,123.5
917.4,28.1,74.4,15.4,122.8,16.41,68.41,118.4,105.3,79.6,74.6
968.3,27.4,95.4,12.2,91.4,22.32,69.72,93.3,100.6,98.7,60.7
1000.6,27.4,92.2,10.5,60.0,18.37,64.38,63.2,65.6,74.9,74.2
967.4,28.0,83.0,11.5,82.6,16.0,65.88,79.2,70.8,63.5,60.2
950.3,30.9,85.7,9.0,96.7,22.22,67.87,91.4,82.7,76.3,45.4
973.5,28.4,75.9,11.6,69.2,17.97,66.81,62.7,45.3,35.0,37.5
956.7,31.3,84.1,8.2,97.6,21.13,70.06,91.6,83.5,71.2,68.3
964.7,29.7,88.1,19.3,86.1,19.21,68.34,81.8,76.1,66.7,61.3
1000.7,29.1,83.4,13.7,66.0,17.63,65.36,73.4,85.6,107.7,104.0
950.1,29.7,95.7,25.5,117.3,21.69,71.6,123.7,129.4,141.2,91.0
1002.5,29.4,85.9,11.5,45.0,19.55,66.49,41.2,40.0,35.0,30.0
997.4,30.5,79.6,14.2,63.0,17.71,70.21,67.2,76.5,79.1,74.4
932.8,28.4,90.1,14.4,119.4,15.04,70.63,117.6,114.0,112.2,105.8
921.3,28.7,74.4,8.2,123.7,22.51,72.19,119.5,109.6,98.7,62.7
924.2,31.0,80.0,23.1,141.9,14.34,68.24,146.1,153.7,163.4,157.4
916.7,31.3,79.0,8.6,125.9,22.2,69.23,121.9,116.5,105.3,63.3
923.6,31.0,81.2,24.9,135.2,17.42,66.85,134.5,137.4,144.9,132.5
977.2,29.0,90.3,24.1,84.0,20.07,69.76,83.9,86.5,88.4,87.6
921.5,30.6,82.6,17.6,121.3,22.76,67.94,116.3,104.0,90.0,51.9
944.0,29.2,90.6,17.8,115.4,15.44,67.72,116.2,120.5,120.3,115.2
991.9,29.3,85.0,19.8,73.3,19.39,71.27,78.1,83.6,99.6,94.2
917.1,28.1,78.9,15.0,132.9,21.26,64.43,129.4,122.8,114.7,109.5
989.1,29.7,91.1,19.7,61.4,21.2,71.5,57.3,54.9,51.2,54.4
940.6,28.0,76.2,8.8,100.3,18.99,71.24,92.0,83.0,60.2,67.8
925.8,28.6,75.8,9.0,114.5,19.94,68.3,107.3,100.6,91.3,81.0
978.4,30.9,83.1,16.2,81.5,21.2,68.17,80.9,82.8,86.4,85.5
972.2,28.1,76.8,17.9,98.0,21.99,67.08,99.1,99.0,92.5,56.8
994.8,27.5,70.2,24.0,45.0,21.24,72.45,40.0,40.0,35.0,36.9
981.9,27.5,86.9,9.9,50.9,17.36,64.94,41.1,40.0,35.0,36.6
988.1,31.2,83.3,22.8,91.6,23.47,69.02,96.6,112.9,125.9,83.0
940.7,29.4,81.6,11.8,135.9,18.13,69.79,145.7,152.4,164.5,157.3
931.1,29.0,95.1,15.1,105.4,14.23,71.94,98.0,91.6,80.2,73.1
983.3,30.7,84.9,13.7,65.4,17.44,70.63,61.6,55.7,47.8,48.7
988.4,30.8,92.4,15.2,61.9,15.21,69.47,61.0,62.3,60.1,57.5
1005.1,28.6,73.6,10.7,45.0,15.15,64.99,40.0,40.0,35.0,32.4
952.5,30.2,84.8,17.1,108.5,16.67,67.18,110.5,117.7,111.2,104.0
948.9,30.5,92.6,22.4,111.0,14.51,65.18,111.6,116.1,123.5,120.9
985.7,30.0,85.2,15.9,70.6,20.54,71.49,71.8,78.1,83.9,85.3
946.0,27.9,88.7,16.8,127.9,14.7,70.37,133.2,140.6,163.3,150.9
999.7,31.0,79.7,23.3,46.8,15.93,70.44,44.6,43.0,35.0,35.4
993.1,29.5,72.4,20.7,61.6,14.88,69.54,60.3,54.7,53.5,49.5
954.0,28.4,81.9,16.8,97.3,14.6,68.31,95.4,91.3,74.1,65.2
983.3,29.0,80.3,12.6,74.8,16.54,65.27,73.7,74.4,78.9,75.5
983.7,27.4,92.5,23.9,69.9,19.43,66.8,68.6,73.1,71.9,65.3
924.4,27.7,76.3,18.4,139.4,23.16,65.16,142.4,145.5,144.3,83.9
997.1,30.5,95.1,12.0,68.8,22.32,70.16,77.7,91.7,112.5,67.0
961.0,27.2,94.9,12.8,107.5,22.32,65.36,114.1,118.9,125.8,74.4
990.2,29.0,76.4,22.5,78.5,15.67,69.97,78.0,84.0,91.7,84.9
944.1,29.4,79.0,8.8,96.1,16.52,69.88,90.3,76.8,59.3,51.7
996.5,27.4,93.3,25.9,62.3,14.73,67.9,67.2,74.0,90.5,84.6
950.4,31.4,95.1,10.3,128.0,21.4,65.15,135.2,150.2,178.9,167.4
916.0,28.2,81.5,22.3,130.1,14.66,66.68,127.1,120.4,109.5,105.4
997.4,28.5,78.3,15.1,46.1,19.29,66.72,44.2,40.0,35.0,35.3
923.3,28.5,83.7,16.9,141.7,16.35,69.95,144.0,149.3,160.1,153.0
944.1,28.2,87.9,23.9,104.1,16.31,64.97,99.7,89.9,71.4,67.0
1001.5,27.2,77.1,15.4,45.0,23.41,71.05,40.0,40.0,35.0,30.0
1001.5,30.3,89.1,17.7,59.8,21.19,70.47,64.4,75.6,100.8,92.9
967.2,31.4,71.3,8.9,113.0,21.95,65.58,116.9,124.8,136.3,81.7
972.5,28.2,71.3,8.0,66.5,19.43,70.11,56.7,40.0,35.0,35.7
955.8,30.1,80.0,12.4,96.4,22.27,69.68,90.8,85.0,73.9,39.7
941.7,30.4,79.2,20.3,114.6,20.13,70.36,111.1,109.4,102.5,97.1
944.9,30.8,78.2,10.2,141.4,22.99,65.61,148.8,160.3,178.9,109.8
976.2,29.0,82.8,10.0,87.6,16.67,65.34,89.6,96.5,96.9,94.2
983.5,28.5,78.3,15.4,69.8,19.66,66.01,67.9,56.4,43.0,35.9
987.0,28.6,75.0,19.7,83.3,20.56,67.11,83.7,89.1,89.7,85.3
986.9,30.3,78.0,20.8,77.9,17.73,70.75,80.4,84.6,90.5,87.2
923.3,30.7,95.3,11.2,134.1,22.36,70.27,135.5,141.8,147.4,84.7
960.0,28.0,80.7,9.4,103.8,23.31,71.87,100.8,101.2,101.1,58.9
920.2,28.8,81.6,24.9,120.5,18.69,64.5,114.6,107.4,95.5,90.4
965.0,31.1,85.0,12.7,90.3,17.71,64.1,90.4,89.7,86.3,83.8
955.2,30.7,95.6,23.4,117.5,18.48,69.94,125.5,135.0,156.5,149.3
995.8,31.4,76.3,23.5,51.0,22.1,66.37,48.1,44.1,35.0,30.0
946.9,30.4,87.7,21.9,131.7,20.13,66.84,139.3,152.7,175.3,162.8
925.7,28.9,88.6,11.0,111.4,14.43,68.65,106.0,95.2,86.9,77.0
928.0,29.7,85.8,22.8,142.2,19.15,64.87,148.6,160.8,179.9,171.2
984.3,30.0,72.3,21.8,94.2,14.16,69.46,97.5,104.7,111.8,101.9
971.3,27.5,87.6,18.7,77.2,21.4,66.76,72.5,61.4,52.4,46.8
924.2,29.5,71.7,14.1,132.8,17.12,69.38,131.1,127.3,130.9,127.6
922.7,30.3,85.5,12.7,114.0,18.48,71.09,107.5,98.5,88.1,84.3
978.8,27.9,89.2,10.2,85.2,21.59,65.45,84.6,88.9,92.9,55.6
921.6,30.6,75.5,17.2,149.8,14.44,71.91,154.2,160.7,172.7,161.6
989.8,29.7,91.9,18.5,69.9,15.51,68.51,72.0,79.5,80.6,78.7
979.3,31.3,70.8,14.5,95.9,17.78,71.84,96.8,97.5,108.5,103.8
922.4,27.4,91.9,16.6,128.4,16.18,65.77,127.6,131.3,135.2,124.2
922.7,28.3,82.0,14.5,125.2,17.21,69.14,123.5,123.7,114.5,102.0
1004.8,29.8,75.7,19.5,45.0,23.48,67.43,40.0,40.0,35.0,30.0
949.1,28.5,73.5,24.2,94.3,21.84,70.58,86.5,75.2,58.2,31.8
948.7,30.3,94.8,11.0,93.5,22.4,69.15,89.3,85.7,79.6,51.2
989.0,30.5,71.9,14.9,82.6,22.9,68.2,85.8,87.1,101.3,68.1
1001.2,27.6,75.2,10.5,45.0,17.24,71.76,40.0,40.0,35.0,33.8
1004.7,29.4,79.0,19.2,45.0,16.82,67.21,43.4,45.8,44.1,39.8
983.6,29.4,86.1,21.1,70.6,16.22,65.87,68.6,64.6,57.1,49.2
949.2,28.8,84.2,24.8,110.4,21.89,69.17,112.2,109.2,106.3,60.9
922.6,31.2,73.3,13.0,119.2,20.46,69.3,116.4,108.2,89.0,85.9
985.7,30.8,77.5,25.1,68.2,16.24,67.73,65.8,59.6,59.6,61.7
965.8,30.2,76.2,9.1,83.3,17.58,68.14,76.8,72.0,61.4,57.0
953.6,30.3,75.6,18.9,96.3,18.81,72.16,95.5,87.9,75.4,69.7
997.5,29.2,80.7,9.0,45.0,19.02,70.23,40.5,40.0,35.0,35.7
925.1,31.2,88.3,24.1,128.8,22.44,64.94,126.9,124.1,114.9,68.9
959.8,30.2,75.7,17.5,102.9,17.62,65.8,102.4,102.5,106.7,102.4
916.0,30.3,79.5,20.0,154.4,22.63,72.29,160.7,175.0,192.7,119.6
957.6,30.9,80.2,23.0,120.9,18.19,70.17,122.9,126.8,133.6,125.5
920.1,28.4,95.4,10.7,150.5,21.09,71.78,160.1,172.6,190.9,181.3
925.8,30.7,94.8,8.7,136.4,22.84,66.58,140.9,145.8,156.9,103.4
925.7,28.0,90.8,23.8,127.3,22.62,70.31,127.5,127.7,132.7,84.4
974.1,28.7,76.3,13.7,82.7,14.54,70.07,79.6,73.7,68.1,68.5
982.9,28.6,71.8,10.3,55.0,15.95,66.5,43.8,40.0,35.0,30.0
968.1,31.4,78.2,16.4,82.4,18.53,68.68,81.4,74.8,66.6,67.1
1002.6,30.9,76.9,18.8,65.1,18.1,69.33,70.9,80.5,90.0,87.8
949.1,30.2,83.2,8.6,121.8,20.09,68.09,124.4,128.2,130.5,118.7
941.0,30.3,90.2,12.9,127.0,22.97,71.03,130.8,135.8,142.2,90.1
994.0,29.6,92.3,8.6,70.1,15.07,71.08,74.6,84.8,98.9,92.2
935.3,31.3,92.0,15.6,117.1,18.29,71.23,115.5,115.1,114.4,103.3
1002.7,29.3,79.4,24.1,45.0,15.83,70.83,42.9,40.0,35.3,34.0
916.1,28.8,87.9,25.7,137.0,22.49,68.15,134.9,132.0,127.3,80.8
1003.3,27.9,78.1,19.5,45.0,23.16,67.24,40.0,40.0,35.0,30.0
918.9,30.6,71.6,10.9,128.6,18.55,71.07,122.5,111.1,106.7,100.9
996.1,30.4,88.2,24.3,76.2,14.99,68.17,80.9,98.6,117.3,110.3
963.0,28.9,70.3,17.3,86.0,21.46,66.09,76.2,68.3,50.0,56.1
1005.4,27.3,80.6,10.8,45.0,20.62,68.31,40.0,40.0,35.0,30.0
921.7,30.8,78.6,24.6,146.5,17.37,65.21,153.4,162.0,179.9,174.0
965.4,27.2,88.0,21.6,103.0,22.43,69.88,107.2,108.2,116.4,72.2
1003.2,30.2,89.9,21.2,46.2,23.27,66.86,49.9,58.9,61.0,34.8
962.6,31.4,77.9,20.8,108.6,19.3,66.22,113.9,118.7,127.4,120.9
972.3,29.1,91.1,11.6,96.5,19.37,72.13,101.3,106.8,118.7,107.9
978.3,28.2,77.6,11.8,67.2,16.83,70.6,61.5,52.6,41.6,37.4
956.4,30.2,81.6,20.4,99.5,19.55,70.69,98.6,97.7,94.9,90.0
972.1,30.7,88.9,12.0,103.8,18.18,69.3,110.9,125.4,138.2,125.8
968.2,29.5,88.0,15.9,114.9,16.87,71.13,125.2,140.7,155.9,149.9
997.0,31.4,95.7,22.1,53.5,14.64,70.45,54.9,54.6,54.2,48.1
919.1,27.4,75.9,22.1,148.9,16.4,69.09,150.6,154.4,164.0,150.7
940.6,29.4,87.2,16.2,100.7,15.88,72.17,94.2,85.9,67.2,60.0
1001.5,30.3,85.9,22.3,46.1,19.15,65.63,44.9,44.7,42.6,48.1
996.0,30.9,93.8,23.1,67.3,19.72,72.02,76.5,90.7,105.4,93.2
956.5,28.0,74.1,19.8,109.2,19.78,67.41,108.4,110.5,114.1,109.9
971.4,30.6,89.5,12.1,113.3,17.69,68.49,122.2,141.1,168.5,157.5
940.2,29.6,84.8,12.9,132.5,18.0,65.04,137.6,138.1,152.8,143.9
932.1,28.9,77.1,13.7,144.8,21.93,68.59,148.1,154.4,168.3,106.5
957.2,27.8,82.3,10.1,94.4,18.52,69.2,90.7,83.3,71.7,70.0
947.2,30.9,78.7,12.9,128.5,23.38,72.48,138.4,149.8,161.1,97.5
968.1,27.9,85.1,11.8,85.4,18.18,72.29,84.7,78.6,68.0,59.9
922.1,28.5,93.1,16.2,126.3,20.17,72.21,125.6,120.5,111.2,107.9
1003.7,28.4,84.8,24.4,46.7,14.48,66.96,46.0,50.3,53.0,52.2
1004.7,30.9,86.4,9.9,63.1,20.21,72.43,72.1,87.6,110.3,103.8
978.5,30.1,83.5,21.0,104.5,22.09,67.87,113.8,128.7,151.4,95.4
963.8,30.6,71.3,20.4,119.5,22.95,71.24,124.2,133.6,150.3,91.6
943.2,28.3,76.1,9.7,100.2,23.47,65.84,97.6,90.8,73.1,42.4
989.1,29.9,82.8,24.6,79.6,16.68,68.3,83.0,91.6,99.6,94.6
977.3,29.7,78.1,18.2,70.3,19.47,72.21,65.6,58.6,42.8,42.5
929.8,30.8,74.7,14.5,137.5,18.28,72.05,138.0,140.3,148.7,142.3
997.9,31.1,83.1,21.6,59.9,19.36,69.81,64.2,72.3,77.6,75.5
989.9,27.3,78.4,12.6,62.2,15.5,70.78,55.8,49.7,35.0,30.6
1001.4,30.1,76.7,20.5,45.0,22.13,65.5,45.8,41.4,37.1,30.0
981.0,27.4,82.1,8.7,79.5,22.64,70.13,82.0,85.0,87.6,53.1
970.8,29.6,73.5,23.1,107.8,18.27,69.25,113.7,124.6,127.7,120.9
953.1,28.4,94.1,16.1,100.6,16.66,64.78,97.9,93.9,96.7,87.3
999.9,28.5,92.6,19.5,54.1,15.34,64.96,57.4,59.4,63.5,59.7
993.8,28.7,88.4,12.0,62.2,20.5,64.92,65.2,64.3,64.8,63.4
919.1,29.9,72.8,20.2,133.9,16.97,70.16,131.8,122.3,115.2,112.1
917.4,28.6,90.2,21.9,135.7,22.64,65.2,134.1,134.3,137.3,90.6
949.3,30.4,91.0,16.5,110.4,20.37,67.98,110.5,114.3,119.1,115.0
988.8,28.9,90.0,19.1,64.9,20.13,67.03,64.0,63.9,63.5,61.3
1004.8,27.5,73.0,16.2,45.0,19.31,68.68,40.0,40.0,35.0,31.7
928.7,30.6,86.7,24.1,127.3,14.43,70.01,129.7,132.1,132.8,123.8
969.1,28.4,91.7,17.0,85.1,22.85,69.82,81.2,81.0,79.5,52.7
949.7,29.1,85.0,23.2,103.0,19.97,68.38,101.4,97.9,98.5,96.9
1003.3,30.1,86.8,22.4,45.0,23.44,67.95,40.0,40.0,35.0,30.0
991.6,28.6,81.9,15.4,63.9,19.1,67.38,61.8,60.9,56.3,56.0
991.3,27.4,83.7,12.1,57.5,20.75,71.33,52.3,55.3,49.5,49.3
957.7,28.8,70.9,15.3,89.9,14.53,66.81,82.1,69.3,52.6,46.1
952.7,31.3,86.6,22.9,117.7,20.0,66.2,122.8,132.5,143.7,138.4
939.9,30.0,72.1,12.1,140.8,21.26,70.32,146.5,152.5,171.0,158.8
920.1,30.1,81.3,17.4,115.5,21.4,67.06,108.5,101.8,88.3,75.4
993.7,29.9,77.6,22.5,85.7,21.32,71.2,94.3,103.8,116.5,110.1
989.0,28.1,84.2,14.4,55.7,16.15,66.79,52.4,46.5,35.0,34.2
1006.0,29.0,73.5,19.6,45.0,23.27,69.97,40.0,40.0,35.0,30.0
1005.7,30.4,88.0,12.4,45.0,23.45,64.38,44.6,40.0,39.4,34.5
965.5,27.6,90.7,10.0,105.0,14.72,67.28,111.6,118.4,133.2,127.9
985.0,28.4,74.2,22.3,64.8,22.9,66.92,61.6,56.7,39.3,30.0
1001.0,28.4,72.7,9.8,50.7,16.75,70.94,46.9,41.2,35.0,34.8
992.3,29.1,73.8,12.9,68.4,20.55,72.22,69.9,75.1,73.5,68.3
937.5,31.4,92.8,23.4,141.9,17.21,67.92,153.3,168.8,192.4,186.0
956.0,27.5,83.7,14.2,95.0,23.19,71.01,92.2,82.2,71.6,45.6
926.8,29.4,82.1,25.5,130.6,14.96,69.95,129.7,132.8,134.9,129.3
1001.8,28.0,72.8,25.6,59.5,18.73,72.22,61.4,62.7,69.7,64.0
970.2,31.4,86.9,12.8,95.5,18.07,70.89,96.2,99.9,109.8,98.8
935.8,27.7,92.6,8.7,105.0,17.1,64.66,96.8,88.6,80.0,74.2
976.1,28.9,91.5,20.7,74.9,20.13,70.06,73.7,65.0,49.8,48.3
971.2,30.4,86.3,16.1,78.5,15.25,68.55,72.1,65.7,52.3,48.2
947.6,30.2,72.0,9.8,118.5,20.81,64.14,119.4,124.1,125.2,119.9
925.3,29.0,72.9,20.7,113.8,23.32,66.14,105.5,93.4,72.1,43.9
976.1,28.7,71.3,8.6,67.8,21.64,71.83,59.9,46.4,35.0,30.0
962.3,28.9,76.7,23.7,105.9,22.17,71.87,106.5,111.5,114.4,67.5
985.3,28.3,73.5,10.5,83.5,17.42,70.79,85.7,85.5,89.7,85.9
962.3,28.1,76.8,10.3,94.1,17.09,72.35,92.8,88.2,83.8,77.4
992.5,29.3,80.0,11.2,65.4,18.91,70.86,67.5,69.9,70.8,61.8
965.2,28.4,94.5,25.3,89.4,14.43,64.09,91.9,90.5,89.4,84.3
966.0,28.4,85.9,20.5,88.1,22.98,66.45,86.3,82.1,81.3,55.8
994.8,30.0,91.7,22.4,55.4,15.37,64.26,54.5,49.4,46.6,39.1
951.7,31.4,88.5,15.2,118.0,22.58,64.8,120.3,121.2,130.8,81.5
927.2,29.8,72.9,14.1,149.3,14.79,65.86,154.7,164.8,176.0,170.0
917.6,27.5,89.1,12.2,114.2,21.81,68.28,108.4,97.4,85.5,61.0
983.7,27.5,77.2,16.7,78.3,15.44,71.2,76.8,77.4,70.1,64.9
971.4,31.3,86.6,17.9,80.2,14.36,71.33,78.0,71.4,70.8,65.0
979.1,28.5,78.9,19.4,93.3,20.84,69.24,96.2,99.9,103.6,94.4
934.4,27.6,95.9,12.6,97.8,16.66,71.89,91.9,80.1,60.0,61.0
927.4,29.8,76.9,25.1,145.1,20.79,68.25,152.3,163.9,180.3,168.3
916.3,29.9,77.3,11.1,151.6,19.27,71.56,156.9,162.5,175.7,165.6
946.9,30.0,94.2,25.4,134.5,15.03,67.86,144.3,162.6,180.5,165.0
968.7,28.3,70.6,8.3,79.3,22.86,66.36,70.6,56.5,35.5,30.0
950.7,27.3,88.1,16.7,90.1,18.3,71.79,81.5,68.6,51.4,52.9
954.8,31.3,88.9,14.0,114.5,20.98,67.3,120.7,129.1,151.1,146.5
997.3,28.3,91.7,16.1,45.0,18.76,68.28,43.0,40.0,35.0,30.0
946.7,30.1,95.3,18.3,115.8,19.74,66.8,117.3,121.4,125.5,121.3
961.8,30.2,95.4,15.8,99.3,16.88,69.63,101.8,109.6,104.1,93.0
986.3,29.8,71.7,15.5,60.0,15.9,72.46,52.7,40.0,35.0,33.5
951.1,28.5,91.4,21.2,115.4,19.15,64.22,116.8,122.5,131.8,125.9
971.6,28.4,86.8,20.3,92.1,18.18,71.65,92.2,94.8,96.3,92.5
993.5,29.8,86.8,23.0,45.0,17.71,64.03,40.0,40.0,35.0,35.1
1001.4,30.9,73.3,12.5,45.0,20.39,67.1,42.3,40.0,35.0,33.2
928.4,31.3,86.9,19.0,121.2,20.56,65.43,114.0,113.3,101.6,89.7
999.3,27.7,95.5,18.5,45.0,14.44,70.44,40.0,40.0,35.0,35.1
959.8,27.9,93.7,14.7,110.0,17.22,64.43,112.9,118.2,136.5,130.0
938.5,31.3,81.4,16.7,114.1,17.91,68.7,110.5,107.1,104.8,96.4
956.8,30.4,71.0,13.6,112.5,14.92,66.51,115.7,116.1,118.3,106.9
1004.2,31.0,79.4,10.6,45.0,16.24,65.14,40.1,40.0,35.0,38.6
959.8,28.1,91.5,11.8,98.9,14.49,70.56,97.0,99.8,99.5,98.8
944.9,29.7,88.2,9.9,115.1,23.46,65.85,114.8,116.2,124.6,79.7
972.6,30.2,81.9,20.3,93.2,21.0,65.9,92.5,93.4,98.7,91.4
936.9,30.1,71.4,19.9,129.7,14.83,66.34,131.3,136.9,141.9,126.0
921.9,29.0,81.1,25.1,147.9,14.19,68.99,153.4,164.9,181.4,175.0
926.7,27.3,82.2,21.1,104.3,20.83,69.61,98.5,75.0,54.7,53.2
926.7,29.7,94.1,8.9,120.1,18.17,64.15,114.8,113.5,110.5,103.7
928.8,28.3,86.7,23.9,136.2,21.47,66.06,140.4,147.5,161.8,157.7
927.6,29.1,78.1,23.5,119.2,22.77,67.66,113.3,100.9,90.1,58.8
973.3,31.3,83.7,16.0,94.2,19.69,66.82,97.3,102.0,108.8,104.0
931.6,28.9,71.7,18.5,125.4,15.78,71.52,124.6,128.6,125.8,119.6
946.5,30.8,95.3,25.6,128.8,21.43,70.7,138.0,153.0,171.8,163.4
996.6,28.0,79.4,17.6,45.0,23.08,69.32,40.0,40.0,35.0,30.0
958.1,30.1,82.4,24.3,105.1,19.51,66.87,101.6,103.5,96.3,88.4
975.7,31.4,79.2,9.5,90.9,20.48,69.96,94.9,95.7,93.8,90.6
930.7,27.6,87.7,11.4,119.2,17.21,71.17,117.2,106.3,94.2,86.3
932.5,27.2,87.2,15.9,129.8,17.62,69.06,134.8,142.3,146.8,144.1
918.7,29.1,88.6,18.5,132.9,20.98,70.67,136.1,136.9,137.2,132.2
930.4,27.6,77.0,22.7,130.2,22.81,70.37,131.6,128.8,136.5,82.2
940.4,30.4,78.2,25.8,133.2,19.98,68.86,140.9,149.2,160.9,153.1
931.1,31.1,73.3,15.0,126.6,21.5,66.65,126.0,125.8,123.6,73.7
923.1,29.1,87.0,8.9,112.7,15.63,70.34,106.6,96.7,83.8,84.8
926.0,28.3,71.0,22.4,127.7,16.01,65.76,125.3,119.1,119.6,119.3
956.9,29.1,85.5,18.9,118.2,19.05,70.63,122.4,128.9,137.0,132.6
933.8,30.3,92.6,11.6,125.3,15.68,70.84,125.5,127.2,128.9,127.9
948.1,27.2,93.2,16.9,91.0,20.03,70.99,87.0,70.0,52.7,50.6
960.8,29.7,81.7,21.4,93.8,16.77,68.02,91.1,85.3,81.8,80.4
977.8,29.8,81.9,21.9,70.2,21.52,65.64,65.6,53.8,47.4,33.7
918.6,29.9,72.0,17.0,135.4,21.68,64.85,134.5,133.7,131.7,81.6
987.7,28.2,87.4,13.5,52.9,18.41,70.32,53.7,41.6,35.2,33.7
972.1,30.3,91.4,25.5,108.7,15.72,71.53,114.9,131.3,152.1,147.7
922.4,27.6,76.4,19.9,128.6,20.14,69.53,125.4,121.3,116.3,112.7
994.5,28.1,81.0,15.3,56.5,23.43,65.23,53.2,50.4,53.1,30.3
998.8,31.0,91.8,13.0,61.6,19.91,71.95,65.1,72.6,84.2,72.4
920.6,30.4,92.8,21.2,125.9,14.34,72.41,123.4,116.2,106.2,100.3
940.2,27.3,76.3,12.4,96.2,14.16,67.68,85.4,69.6,49.2,39.4
988.4,28.3,84.3,11.1,82.3,17.04,69.06,85.2,89.6,98.2,89.8
983.1,28.1,75.0,17.5,83.9,15.86,70.61,85.5,86.3,88.4,80.9
931.8,28.4,72.6,13.2,124.1,21.72,70.26,121.8,120.7,121.0,73.0
934.1,28.3,93.7,19.3,129.5,22.03,72.23,133.3,135.6,143.2,91.6
948.7,27.5,91.3,10.1,100.9,16.46,64.98,99.7,90.9,84.8,84.2
959.1,29.2,89.8,19.8,85.7,17.09,68.94,82.0,74.5,65.0,63.5
971.3,30.4,71.3,13.1,75.2,16.24,69.88,69.5,57.3,36.3,36.7
948.6,29.8,91.9,8.0,110.2,22.63,71.57,112.3,112.9,114.6,73.4
957.1,30.1,81.4,10.3,91.4,18.78,71.43,87.9,82.0,77.5,64.9
983.0,27.5,78.9,24.8,66.0,20.23,72.31,61.8,55.3,41.8,39.8
918.3,31.3,84.2,23.6,153.2,17.95,68.35,159.3,173.6,193.8,177.8
938.0,30.8,72.4,12.2,126.3,19.99,71.06,125.6,125.9,122.6,118.2
979.9,30.7,89.7,22.0,80.9,17.67,67.63,82.5,80.9,91.0,79.1
996.5,30.7,85.1,19.0,50.9,17.23,67.59,51.3,44.7,46.4,43.5
961.6,31.2,74.9,25.5,117.6,20.03,66.15,123.8,138.4,150.5,144.9
963.4,29.5,74.9,14.7,103.9,19.62,70.96,105.9,107.1,117.8,108.0
924.8,28.1,74.8,20.3,127.5,16.79,72.38,123.9,124.0,124.6,121.8
955.7,29.9,71.5,9.1,89.5,15.42,66.18,84.1,69.8,53.1,52.2
963.5,30.4,85.3,15.1,108.1,17.5,64.48,110.2,114.8,124.4,119.5
937.1,30.4,91.8,25.3,116.0,17.94,70.93,113.5,111.3,114.0,110.7
939.5,29.4,70.5,17.7,113.8,19.97,69.27,107.2,104.5,86.4,80.8
949.3,27.5,71.3,13.2,116.5,22.69,72.16,119.3,117.3,114.1,71.3
916.8,28.8,84.9,10.2,133.6,14.34,66.14,131.3,127.1,124.8,118.6
944.3,31.2,91.3,20.7,107.6,16.31,64.6,105.6,98.6,93.5,88.8
934.2,29.7,78.5,19.6,126.5,15.84,68.19,126.3,132.0,134.1,125.0
944.8,29.5,79.1,14.7,99.9,18.77,64.73,92.7,80.7,68.6,60.8
925.9,28.4,85.5,25.1,136.7,18.08,66.23,138.3,145.5,151.2,142.5
996.0,28.8,77.1,8.4,67.5,20.93,65.07,72.0,81.5,91.7,85.7
969.0,31.0,70.7,13.5,85.2,16.3,65.91,81.9,71.8,55.7,50.3
976.8,30.1,89.1,24.6,70.2,19.65,64.9,67.9,65.0,50.9,51.4
986.8,30.6,86.3,13.8,54.3,22.4,72.11,47.7,40.0,35.0,30.0
960.4,29.2,85.1,12.5,93.3,22.65,66.37,90.1,83.1,76.7,47.0
922.9,29.9,89.3,17.6,116.9,23.11,67.77,111.5,107.5,97.1,64.3
963.9,28.3,87.6,22.8,76.6,21.35,71.64,71.1,61.2,43.4,44.4
968.4,30.2,75.4,9.9,83.5,22.61,69.76,80.9,74.0,61.0,42.1
982.8,29.0,79.2,25.0,75.1,16.23,69.25,72.6,70.1,69.1,63.6
954.3,29.1,73.3,22.3,108.0,15.88,70.0,107.4,108.4,107.4,104.8
926.6,30.0,73.4,11.3,118.0,14.06,71.04,114.2,98.0,80.9,73.1
940.8,31.2,87.6,20.8,125.4,20.72,71.46,131.7,138.0,150.5,142.0
948.0,27.5,92.3,14.9,108.4,22.91,69.46,107.6,103.6,94.1,57.7
973.8,30.7,95.0,15.2,94.6,15.78,71.57,103.2,109.5,124.5,116.3
966.9,28.5,86.3,22.1,88.8,20.05,68.55,88.0,86.2,76.9,71.8
947.4,29.1,74.8,25.3,108.6,21.09,66.36,103.6,104.5,97.2,90.6
1004.8,27.3,72.7,10.3,48.8,22.81,71.48,51.8,58.1,57.6,32.2
970.1,28.5,91.1,15.6,73.0,20.15,68.6,64.7,54.6,40.6,41.5
936.6,29.4,85.0,16.7,124.1,23.22,71.7,126.1,128.9,130.4,80.2
924.3,27.4,86.1,14.8,118.5,17.27,64.34,111.6,106.6,97.4,93.2
928.9,29.3,90.3,14.5,140.1,17.32,67.38,145.8,158.3,170.6,162.7
937.4,31.2,88.3,8.9,152.1,19.16,72.06,162.5,178.5,209.6,199.3
929.6,27.7,91.7,20.3,130.7,17.64,66.12,131.9,141.4,151.1,143.8
932.0,30.5,71.5,15.9,126.0,14.01,72.0,122.1,119.2,110.5,103.9
940.9,29.0,89.4,11.5,131.8,20.95,72.11,140.1,153.4,167.0,163.7
930.8,30.0,92.1,22.7,111.7,21.14,71.5,107.2,105.1,94.7,92.7
996.6,28.3,77.4,22.4,65.6,21.1,68.79,68.1,72.1,74.6,70.9
922.3,27.9,86.7,16.8,134.7,17.28,69.5,135.6,137.1,138.0,129.5
962.7,27.9,78.2,13.4,102.8,18.96,71.39,103.9,106.0,105.7,100.0
952.3,27.5,94.9,19.5,123.5,17.42,70.6,130.4,136.3,155.1,148.8
1004.4,28.0,70.9,13.2,45.0,14.15,69.36,40.0,40.0,35.0,38.5
925.2,30.1,85.1,12.2,114.0,19.34,72.35,107.7,100.5,97.3,87.6
951.2,31.0,74.3,21.1,116.8,15.18,69.83,117.0,115.8,113.0,109.7
1003.2,30.7,88.5,8.7,57.9,14.76,72.29,67.6,83.7,101.0,99.9
993.8,30.1,74.6,9.7,73.7,21.18,64.49,76.4,79.9,85.2,75.7
989.4,27.7,76.1,8.1,62.0,14.09,65.18,57.6,51.0,41.1,38.4
938.5,28.4,82.9,10.8,91.3,23.11,67.84,83.5,70.1,47.7,30.0
930.6,28.5,93.8,9.2,132.9,18.89,67.27,137.3,139.4,151.0,145.0
975.8,28.3,75.5,25.9,72.4,23.34,70.65,66.4,55.0,39.4,30.0
999.6,29.4,73.8,13.2,54.5,14.55,65.37,49.2,41.1,37.4,35.1
965.7,29.5,89.7,10.7,107.2,19.54,72.3,109.7,115.4,131.1,123.1
967.0,28.7,83.0,12.3,93.0,17.32,66.68,91.2,93.0,99.8,97.3
940.5,28.7,93.7,24.9,135.4,22.01,67.65,142.9,156.1,178.3,111.4
985.0,30.8,73.8,17.4,66.0,17.43,66.34,62.5,54.6,47.5,45.9
932.0,30.6,86.8,14.6,137.7,16.47,68.92,145.2,156.0,174.6,166.4
944.5,28.5,76.1,23.7,99.8,22.15,64.5,94.4,81.6,74.8,48.4
953.7,31.1,74.1,15.1,128.9,17.56,65.27,134.0,146.5,167.8,158.5
961.2,31.3,87.8,14.0,92.9,14.16,70.34,92.7,96.4,87.4,89.0
937.1,28.6,85.4,11.7,127.2,17.71,65.59,133.2,144.6,155.3,143.2
925.5,28.7,89.6,14.8,113.2,20.22,66.0,105.5,96.7,86.0,75.7
970.6,29.4,78.0,13.7,78.0,16.42,70.74,73.2,64.7,47.5,38.8
941.3,31.2,81.6,20.2,107.0,18.1,64.79,101.9,92.3,81.2,69.9
967.9,31.0,80.5,13.2,105.0,14.54,67.72,107.6,109.4,119.7,116.1
929.0,27.6,95.6,18.4,110.4,19.59,64.2,108.6,103.3,86.9,84.4
958.8,28.9,77.6,9.2,107.7,21.18,66.95,111.7,110.5,106.0,104.9
963.5,29.6,77.7,11.4,112.2,17.93,69.94,117.5,126.7,135.8,125.3
919.7,29.4,79.2,15.3,136.8,17.99,64.77,137.5,142.1,143.9,139.3
945.6,28.0,84.7,24.9,128.4,14.84,71.55,130.9,137.0,139.1,132.3
927.2,30.9,76.6,14.8,112.6,15.92,71.73,107.2,97.9,83.3,79.7
920.8,30.1,93.8,20.0,156.8,15.47,64.89,168.3,178.6,205.2,197.2
1005.1,30.8,76.9,12.6,45.0,18.58,72.42,44.8,46.7,46.7,41.7
944.3,30.9,93.3,10.3,115.9,19.03,66.53,116.7,117.6,127.3,130.0
988.7,30.4,72.7,9.1,75.9,23.01,64.71,72.2,69.8,65.6,45.3
938.2,29.1,87.1,13.5,108.5,14.7,64.04,107.4,106.6,98.4,91.6
977.0,29.8,93.6,10.8,100.1,19.7,67.47,108.8,125.4,148.9,137.6
984.2,27.9,74.4,11.1,63.6,19.0,69.35,57.8,48.7,38.8,36.5
969.2,30.1,95.2,21.7,105.3,18.9,66.82,113.6,123.2,134.3,128.2
957.9,28.0,81.8,8.3,77.3,22.3,71.11,67.7,51.1,35.0,30.0
952.5,30.2,94.6,18.0,102.7,15.95,70.09,102.0,97.9,103.1,93.9
946.7,28.2,87.6,14.8,89.2,14.39,66.98,81.3,66.3,43.3,42.1
999.6,27.7,77.8,17.1,61.5,20.39,70.24,64.0,64.9,76.5,67.3
990.6,27.9,74.9,18.1,69.7,17.28,71.99,69.5,70.4,67.0,65.2
1002.8,27.2,77.9,13.6,46.7,14.17,64.79,48.9,50.3,50.6,47.7
926.3,30.3,72.4,13.3,151.0,16.39,66.6,155.6,168.4,185.9,183.4
981.5,30.3,73.7,21.2,100.1,16.94,67.94,104.6,108.0,108.5,97.7
1000.4,29.4,72.7,23.7,45.0,19.86,68.23,40.9,40.0,35.0,38.0
931.5,27.9,81.0,11.5,125.3,15.64,68.61,126.8,129.0,132.5,119.9
921.1,27.6,90.7,9.8,123.8,17.92,66.56,123.8,121.4,114.6,104.2
982.4,27.3,73.7,24.2,49.7,18.58,69.67,40.0,40.0,35.0,30.0
967.3,27.9,73.4,14.3,82.7,18.36,69.48,76.7,64.5,41.4,40.2
991.6,31.0,86.7,17.9,76.7,23.25,68.91,82.8,95.7,109.8,63.9
927.7,28.2,75.1,14.5,130.4,14.43,64.97,128.2,127.2,118.4,107.8
987.4,28.7,72.5,10.3,68.9,23.03,68.05,67.2,69.0,62.2,39.3
933.3,27.7,74.3,18.6,129.9,19.53,67.03,129.9,134.2,131.1,126.1
929.9,28.2,94.0,17.5,115.9,21.56,68.17,113.8,115.5,118.5,73.6
929.9,29.4,91.4,11.7,132.9,18.09,71.84,135.9,138.9,142.3,134.7
989.1,29.8,79.2,16.1,58.0,18.31,68.08,53.7,46.9,35.0,39.7
975.5,28.3,87.1,22.3,71.4,22.35,64.12,66.8,57.7,39.2,30.0
962.6,27.4,84.0,18.6,88.0,22.51,67.73,84.3,72.2,67.7,44.8
947.7,28.9,87.6,9.7,117.7,16.27,70.98,119.7,127.3,134.0,127.8
994.8,28.2,87.7,17.9,68.6,15.89,70.63,69.0,73.6,82.1,74.2
950.7,28.1,86.3,20.6,94.7,18.71,68.36,89.4,77.6,70.5,68.9
989.3,31.3,76.9,22.3,77.7,22.55,66.12,80.0,82.5,88.5,52.6
955.0,29.9,71.0,19.3,122.7,17.06,67.95,125.7,127.9,135.2,128.1
949.3,29.6,81.8,10.7,123.2,20.19,68.79,126.7,132.5,144.3,138.1
957.1,29.0,93.2,20.8,114.4,20.73,72.5,118.3,127.9,145.2,131.1
942.4,29.0,84.8,20.2,101.9,21.4,69.48,98.8,96.6,84.3,74.5
983.0,29.5,91.6,8.4,88.7,19.36,69.9,93.9,101.7,115.0,112.4
960.7,30.2,95.8,15.4,98.8,17.82,68.18,102.4,112.4,123.6,115.1
936.1,30.2,74.3,14.0,129.2,23.19,67.01,129.2,132.4,134.7,81.3
996.9,27.9,88.0,20.0,46.5,19.81,70.91,44.0,40.9,35.0,33.8
949.9,29.4,87.5,11.9,98.5,20.92,68.21,93.0,87.3,70.2,65.3
964.5,29.0,95.5,18.6,79.2,17.28,72.45,73.7,67.6,64.5,62.7
997.5,30.9,95.6,24.4,63.0,20.36,67.89,69.3,82.0,92.8,88.0
971.8,29.9,87.9,22.4,114.5,16.45,64.58,122.3,138.5,164.0,156.5
925.6,29.5,76.3,24.6,137.5,16.33,69.8,137.9,133.3,134.2,125.1
1000.5,27.7,90.8,25.6,45.0,20.79,64.4,43.0,40.0,35.0,33.9
972.1,29.8,72.8,8.2,89.4,18.95,66.13,86.4,85.3,85.4,85.0
945.5,27.7,90.3,19.2,102.5,20.49,67.01,96.8,90.2,82.6,76.5
927.7,28.6,93.7,15.4,140.9,16.56,70.29,151.2,161.3,180.9,175.1
987.3,27.8,80.0,23.5,57.8,19.69,68.2,51.8,41.5,35.0,33.1
971.4,30.2,86.4,12.5,109.6,18.22,64.24,117.3,124.3,143.1,138.5
963.5,28.1,81.2,25.7,78.1,19.67,69.24,75.6,61.3,39.6,38.1
996.3,28.9,81.4,19.0,60.3,16.76,67.5,63.1,60.9,62.2,58.9
986.8,31.1,78.1,22.3,71.3,20.8,71.84,69.5,69.2,61.0,59.2
928.8,28.1,89.8,9.5,142.2,21.66,68.25,147.9,150.6,163.3,105.5
943.4,29.4,94.3,11.3,123.8,16.47,70.03,125.7,129.6,139.8,133.7
937.6,29.0,94.5,21.7,114.5,16.86,65.86,114.6,110.0,103.9,100.4
982.7,27.3,74.5,8.4,78.6,20.28,70.47,78.8,76.6,78.1,72.9
918.1,30.6,92.7,22.7,132.6,20.61,70.13,131.1,124.9,120.0,119.5
966.9,27.5,89.2,8.3,80.1,20.69,71.68,74.5,69.4,63.8,62.9
984.4,29.2,76.6,19.8,73.1,20.49,64.29,68.1,60.1,59.0,56.3
994.8,29.6,71.7,14.6,71.0,17.73,67.8,73.3,77.3,82.6,78.1
946.1,29.9,77.0,19.0,120.3,17.75,69.77,120.5,118.8,117.5,115.1
989.7,30.2,93.7,20.5,67.1,16.42,64.81,69.2,71.9,67.8,62.3
925.1,28.3,86.5,14.2,126.7,15.49,67.49,124.6,123.5,124.2,111.8
992.0,27.2,88.7,9.9,45.0,20.58,72.01,40.0,40.0,35.0,33.5
926.6,30.3,76.7,9.3,137.2,14.89,67.71,140.3,142.6,142.0,139.0
951.2,29.5,88.7,18.6,119.8,22.91,72.38,125.5,133.6,145.0,95.5
987.6,30.8,70.7,17.4,86.1,21.85,64.48,92.0,100.0,116.1,71.6
928.6,30.7,79.8,21.4,151.1,22.15,70.1,159.1,175.1,192.0,119.2
935.9,30.8,86.3,17.2,135.7,22.61,68.94,141.1,148.7,164.7,104.0
980.7,29.3,73.8,15.6,69.0,17.88,68.25,64.9,57.1,44.7,41.6
980.5,28.6,91.4,15.2,65.4,22.04,72.25,62.8,59.6,48.6,32.0
973.3,30.6,76.1,8.5,103.8,15.5,65.1,110.3,120.7,135.7,128.6
978.1,29.1,87.0,14.0,65.7,14.21,71.62,58.9,50.9,42.0,43.5
964.4,28.0,80.5,25.6,91.1,21.46,69.88,89.6,85.7,78.0,76.7
937.9,30.9,85.5,23.7,108.6,14.71,66.2,107.3,99.3,90.4,88.7
946.5,31.0,72.8,13.9,113.0,23.39,71.66,110.6,104.5,101.5,62.2
931.5,29.2,70.4,18.6,121.3,20.41,67.65,114.6,106.0,95.6,97.6
997.7,27.5,93.6,23.3,64.4,21.16,70.92,71.9,83.1,95.0,91.9
968.1,28.9,77.0,15.9,102.1,16.34,67.31,103.1,114.7,118.9,113.8
951.5,30.7,91.3,8.3,131.1,20.4,71.23,143.0,163.6,180.8,169.1
957.0,31.1,96.0,9.3,102.5,14.41,69.41,104.3,104.2,105.7,100.0
1001.2,28.1,75.5,17.2,49.1,21.96,65.2,44.7,40.7,35.0,30.0
929.0,27.5,76.9,25.4,107.6,15.61,69.52,101.4,94.1,76.7,70.1
968.3,31.0,87.2,20.5,102.6,20.62,65.63,103.3,112.1,124.9,117.7
961.0,28.9,95.1,9.3,83.7,16.13,67.5,76.9,71.6,62.6,58.9
970.6,29.5,93.8,11.4,110.3,14.65,65.45,118.9,128.8,147.4,140.2
916.6,31.4,83.1,21.9,162.2,18.57,64.19,171.1,188.7,204.6,188.2
994.4,27.5,90.7,23.1,56.6,15.61,65.8,56.2,58.8,66.9,63.1
999.8,30.0,73.5,19.1,58.4,20.93,68.56,59.3,58.2,64.9,60.3
966.4,27.5,95.4,19.6,90.9,16.26,68.09,87.9,87.6,97.9,92.9
978.4,28.8,95.1,8.5,72.8,17.25,68.26,71.5,68.2,64.8,65.1
998.9,30.7,74.3,22.9,74.5,19.39,66.11,81.3,92.0,107.4,109.2
979.4,29.1,77.8,22.2,88.3,16.71,69.82,88.9,92.6,100.9,98.2
928.9,31.5,72.6,12.7,119.1,17.59,69.99,115.7,111.5,100.4,91.0
967.4,29.6,77.1,20.8,114.6,21.75,67.04,121.2,129.8,140.1,85.7
970.2,28.6,91.2,11.9,70.3,15.7,71.49,64.0,52.2,35.0,35.3
953.6,28.1,79.8,8.7,85.1,14.78,69.47,72.1,55.7,35.0,34.9
982.0,28.7,72.3,11.6,94.0,17.12,70.06,101.0,104.6,109.0,107.0
1000.0,28.8,78.9,11.2,56.3,18.03,66.36,59.9,61.9,64.8,61.2
999.2,27.5,95.5,14.1,47.4,19.16,64.01,46.3,48.3,44.8,41.3
956.0,28.8,86.4,15.5,93.9,17.54,71.36,88.9,79.2,70.6,73.2
925.3,29.2,80.8,17.2,126.0,21.5,70.99,123.6,121.9,110.9,68.9
1004.6,30.3,74.3,16.6,45.0,14.37,65.05,44.8,40.1,35.0,30.0
991.3,30.0,95.6,12.9,55.0,18.1,67.18,50.7,47.7,51.5,54.1
926.3,30.2,91.3,8.5,145.5,17.63,69.62,153.1,166.2,191.6,176.8
998.8,27.2,77.3,18.9,45.0,20.15,69.54,40.0,40.0,35.0,30.0
994.2,28.1,71.8,15.1,49.8,23.18,71.31,42.4,40.0,35.0,30.0
962.2,30.0,71.5,13.4,99.8,18.85,65.19,96.9,94.5,87.2,86.0
968.8,29.3,73.1,23.6,75.5,23.38,67.65,68.1,58.0,36.4,30.0
951.3,27.2,85.1,21.4,94.7,16.87,64.83,87.7,81.5,65.6,57.8
920.0,30.7,94.1,23.4,150.1,14.29,67.31,157.2,172.0,186.5,176.9
945.5,30.5,82.9,16.9,122.8,15.57,64.13,126.7,128.5,136.4,128.6
988.1,29.6,91.9,10.4,70.4,17.75,71.64,73.2,75.8,80.9,75.0
915.4,27.5,81.6,20.5,150.0,17.01,68.48,154.2,156.9,161.2,158.1
945.3,30.5,88.4,11.7,97.3,14.92,71.22,93.2,91.5,88.3,80.2
951.2,29.7,89.0,15.9,124.2,18.11,64.51,130.3,147.6,167.3,160.0
963.9,30.6,74.5,9.2,90.9,17.21,65.93,88.2,85.8,82.5,82.5
998.7,30.4,79.4,22.9,56.2,15.16,66.2,58.0,62.0,62.4,60.6
946.5,30.7,86.6,10.3,141.6,16.81,67.29,147.3,164.0,187.4,182.4
946.6,29.4,71.8,24.3,95.7,22.42,70.82,88.3,75.9,58.6,38.3
982.1,27.8,79.4,23.6,55.6,16.87,67.29,48.0,40.0,35.0,34.8
956.2,30.1,83.9,16.4,109.6,20.78,65.74,110.7,112.1,120.8,116.1
935.4,29.9,95.9,21.4,138.8,19.81,64.55,145.6,154.9,171.4,165.0
956.2,30.4,82.3,19.2,124.8,18.06,64.68,127.2,139.7,154.9,145.8
927.8,27.9,91.2,22.5,130.1,16.27,70.46,130.6,132.4,138.0,126.5
931.1,28.0,81.2,15.8,128.1,17.51,67.78,132.5,139.9,137.7,134.1
960.4,31.0,90.7,22.1,111.6,19.63,70.17,115.6,124.7,138.0,135.1
953.1,30.4,85.5,16.3,99.1,17.33,69.8,93.9,86.9,70.3,67.6
998.3,31.1,93.1,24.9,59.0,16.04,65.15,62.5,67.6,78.6,72.8
948.0,30.5,80.7,16.8,96.3,15.11,65.21,92.6,90.0,76.8,67.5
967.8,29.8,85.7,16.3,88.2,22.36,70.42,88.3,86.4,85.7,53.5
972.5,30.0,86.4,22.1,94.2,18.18,70.13,95.8,100.1,108.6,98.5
916.2,31.0,80.9,22.8,128.9,19.94,67.21,126.7,122.0,115.4,104.4
975.4,29.7,73.8,18.0,91.5,18.66,64.66,93.8,91.4,84.9,80.6
931.2,29.9,72.4,11.2,115.2,22.29,64.1,110.6,100.1,80.9,47.5
1002.5,27.9,70.4,16.4,45.3,19.2,66.45,48.0,40.0,35.0,34.5
928.5,29.2,92.7,25.4,142.9,18.57,64.08,148.7,156.0,165.5,156.7
952.7,30.3,76.1,21.6,95.7,22.78,65.96,93.8,86.5,78.9,46.8
922.8,28.4,75.5,22.6,124.4,20.84,67.57,118.8,116.2,106.5,95.2
1005.7,28.1,89.1,8.6,45.0,15.06,65.03,40.0,40.0,35.0,30.3
960.7,28.5,78.3,16.4,82.9,15.69,64.89,75.7,59.5,44.6,39.5
969.2,28.2,83.2,19.6,111.2,21.48,71.62,115.1,119.0,127.9,117.2
921.1,28.1,74.2,22.9,125.0,21.94,68.98,121.6,117.9,110.3,67.2
983.2,29.0,95.0,8.9,75.1,19.18,71.94,80.2,84.4,89.5,81.0
934.1,31.1,92.1,23.3,125.7,19.27,66.94,127.0,133.0,131.2,124.1
996.7,29.4,92.5,17.9,45.0,20.0,69.76,45.5,42.3,35.0,34.1
933.7,28.0,80.6,11.6,127.7,18.17,65.74,125.9,128.3,128.0,118.7
932.4,27.5,89.8,13.7,117.3,20.46,69.26,118.3,114.3,111.8,107.7
918.3,30.2,73.7,13.1,134.6,15.03,65.1,133.0,128.4,121.5,110.7
958.0,28.8,70.2,17.6,116.9,23.13,64.02,118.9,122.3,128.3,75.7
966.4,30.7,70.5,8.9,88.0,21.13,71.92,82.6,73.1,53.7,50.6
921.0,30.0,85.3,10.9,127.5,20.0,68.72,126.5,123.7,128.6,124.6
985.6,30.6,81.8,22.6,60.4,17.01,71.88,55.4,40.7,35.0,36.3
956.2,28.4,83.5,10.4,107.8,15.53,66.84,108.6,109.5,111.2,111.3
962.7,30.2,70.2,12.2,120.0,17.89,66.79,127.0,139.1,155.1,146.0
955.1,28.3,81.0,16.2,100.0,20.28,67.41,101.5,100.1,100.0,94.6
951.5,31.2,88.7,17.3,133.2,20.02,70.0,143.6,160.9,190.0,176.9
965.9,29.9,81.5,21.7,75.6,17.64,68.81,67.9,55.5,39.4,33.0
929.1,28.6,89.0,16.1,137.6,19.83,71.87,143.3,157.1,169.2,161.6
931.6,28.4,76.1,22.2,108.8,21.73,64.22,101.9,90.7,78.8,46.1
993.4,28.0,91.1,19.1,51.2,14.25,70.02,48.3,51.1,43.1,45.3
1001.1,30.2,85.3,10.0,57.5,18.28,66.81,59.0,62.3,79.0,69.9
949.0,28.1,75.5,10.8,123.0,21.21,65.53,129.8,132.8,140.4,135.1
939.6,29.8,76.2,15.9,115.0,19.19,68.34,113.2,106.9,96.8,88.4
973.6,28.3,86.3,15.1,77.6,20.19,68.29,73.8,65.9,55.5,49.9
952.2,30.0,91.6,21.4,112.7,18.91,65.16,120.0,127.0,136.2,131.2
917.3,30.7,80.8,18.5,129.4,23.42,65.72,123.0,116.2,106.3,63.6
929.2,30.5,76.7,15.0,138.2,14.52,67.47,139.9,143.9,152.6,143.2
980.2,30.5,92.5,11.1,85.8,18.66,67.47,88.6,84.8,90.1,82.8
975.0,28.0,87.4,12.1,75.2,14.87,66.7,76.2,75.9,69.6,72.4
917.5,27.6,81.7,18.4,147.6,15.52,65.26,149.9,149.8,151.2,141.5
935.2,30.2,82.7,15.6,109.6,17.64,64.04,100.2,93.5,83.6,79.6
936.0,28.8,75.3,17.3,123.1,15.48,72.25,124.9,124.2,122.8,116.0
976.1,29.1,86.3,11.1,99.6,23.16,72.02,105.3,121.6,135.4,84.7
916.8,27.3,79.3,19.9,137.2,22.99,68.11,131.6,130.7,120.2,72.4
924.5,28.3,95.9,23.3,122.7,17.19,72.46,121.4,118.7,115.6,109.1
987.8,27.3,82.5,12.6,60.7,20.08,69.73,58.2,50.4,40.3,39.7
931.2,31.0,82.6,16.8,122.8,19.07,64.59,123.2,126.9,127.3,117.9
974.4,28.2,84.7,25.6,95.5,21.75,65.0,103.7,108.0,121.0,78.8
936.7,29.6,93.8,14.0,131.4,19.96,71.79,135.3,144.9,161.5,157.5
924.0,27.4,90.8,18.7,111.2,14.0,69.36,104.9,93.9,76.4,74.7
937.1,30.1,81.7,9.6,144.4,21.25,71.17,150.2,160.9,170.6,162.3
980.7,28.6,88.7,18.9,56.2,21.1,71.64,48.0,40.1,35.0,30.0
992.9,31.1,85.2,9.6,83.5,18.84,67.81,94.1,109.7,128.1,123.1
990.6,31.0,82.8,25.3,58.1,22.58,64.41,56.7,54.1,44.1,30.0
951.1,28.6,75.0,20.9,112.3,22.63,65.6,112.3,111.6,110.0,67.3
975.8,31.1,82.1,22.2,87.6,18.98,64.57,89.3,91.9,95.3,83.9
933.7,31.5,76.4,20.7,147.1,19.78,65.6,153.1,165.4,180.9,173.6
941.7,30.7,93.8,18.6,142.4,23.47,67.49,151.1,166.6,190.1,112.8
996.6,30.8,78.7,16.1,71.9,16.84,65.0,77.7,87.2,99.5,95.0
916.2,28.3,94.8,23.5,150.2,17.08,65.42,158.1,165.8,185.7,179.6
922.8,29.7,83.9,25.2,142.6,15.74,67.79,148.9,152.4,160.7,151.0
933.9,27.5,86.4,17.0,115.0,22.51,66.89,113.9,108.7,98.6,65.4
917.4,27.6,84.1,24.8,129.5,21.07,67.98,125.7,119.0,105.7,97.8
931.5,31.5,73.4,18.5,127.2,15.0,67.65,125.1,120.9,113.5,109.9
968.1,28.6,79.8,17.7,86.6,23.33,69.48,82.5,78.4,69.4,38.5
953.3,30.4,72.6,16.2,100.4,20.94,71.97,96.8,92.4,90.0,89.1
996.2,30.7,86.2,11.8,70.1,22.08,64.92,74.0,81.1,91.2,59.6
989.4,30.9,81.6,8.1,77.4,14.46,64.84,77.5,82.1,84.9,82.3
946.1,31.5,90.2,12.3,131.7,18.8,71.25,137.4,145.5,158.3,149.0
938.6,28.2,75.7,17.2,105.0,20.64,68.3,99.9,86.7,69.9,61.5
949.6,27.4,74.3,14.8,117.9,19.16,70.51,118.6,120.1,113.7,106.6
968.7,29.0,80.6,16.1,113.6,20.33,65.83,118.1,128.9,142.1,138.9
939.4,27.8,94.1,25.7,110.4,21.77,71.05,107.5,103.6,99.3,62.0
971.8,27.3,88.5,14.3,98.1,17.56,71.85,98.7,100.2,108.8,97.9
952.3,28.7,80.9,16.1,91.1,22.06,69.4,84.0,77.8,59.8,33.2
965.2,30.6,83.4,10.4,83.2,15.55,64.9,81.9,74.7,65.1,66.2
954.7,29.6,72.2,8.9,124.3,16.57,71.61,130.1,133.2,139.3,134.1
941.8,28.5,95.6,22.0,131.4,14.41,70.74,142.6,156.2,174.7,161.7
1001.3,30.0,87.3,18.3,50.5,17.46,70.38,54.5,57.4,67.2,57.7
984.5,28.2,77.4,21.7,62.2,17.61,64.31,58.2,49.9,49.4,44.7
927.8,27.3,85.2,10.7,125.2,21.65,70.79,126.8,125.9,128.4,73.1
994.0,30.5,72.8,18.3,54.9,20.2,65.17,51.3,51.2,43.1,40.4
959.4,29.9,95.1,12.6,102.8,18.15,65.89,102.4,106.0,106.3,109.6
996.4,30.5,74.5,12.1,72.5,20.2,68.91,77.6,83.8,83.2,73.4
987.8,27.4,86.8,8.2,83.3,14.5,66.25,89.6,97.5,109.2,103.1
953.7,30.8,76.4,10.3,106.2,15.71,69.62,103.2,99.7,102.8,102.3
917.0,29.9,88.7,13.6,150.2,19.96,69.17,156.7,170.5,190.2,183.3
939.4,29.6,90.2,10.1,103.0,20.09,64.92,102.1,96.1,92.8,87.7
964.3,29.9,87.5,25.7,101.9,21.35,69.58,106.2,106.8,114.7,108.4
972.6,30.9,86.0,13.6,91.6,17.83,71.85,90.8,96.4,102.4,93.2
938.5,29.7,93.2,10.3,105.8,20.86,65.37,103.2,99.5,82.5,77.4
927.7,29.7,72.0,11.6,115.8,20.5,69.08,108.8,97.8,84.4,81.1
991.0,31.5,78.6,18.6,80.7,23.15,66.91,87.1,95.7,104.1,68.4
1004.6,30.5,76.5,9.2,58.4,16.04,67.91,65.0,72.0,80.9,74.7
962.8,29.1,95.7,23.5,86.1,19.24,66.44,86.3,82.9,76.4,71.9
930.6,30.2,80.1,25.3,128.4,19.72,67.01,128.2,131.0,134.1,124.0
939.8,28.9,89.0,12.4,128.8,23.49,64.25,132.2,138.5,147.4,92.2
916.7,28.2,87.8,16.1,115.8,15.91,72.34,110.9,102.8,86.0,84.5
998.2,29.8,75.5,8.4,70.5,18.97,69.31,73.1,75.4,82.2,80.3
925.7,31.2,76.2,19.5,155.9,17.29,68.26,161.8,182.7,204.1,189.8
967.5,31.2,77.3,15.5,122.8,19.0,67.26,132.6,149.8,165.6,157.8
939.9,28.7,80.7,12.9,112.3,16.21,68.58,108.0,97.6,88.7,81.9
965.4,29.5,76.1,11.7,90.5,14.45,67.23,90.3,83.9,71.2,71.1
974.3,28.1,70.5,19.8,91.7,19.44,67.06,90.8,87.9,81.8,77.1
990.5,31.5,92.9,15.5,80.8,17.19,67.94,88.8,102.8,122.3,110.9
933.8,31.4,95.1,11.2,138.0,15.73,66.35,145.1,155.3,167.9,158.7
916.0,30.0,78.9,20.4,132.8,17.08,65.53,133.3,129.4,120.4,116.0
927.5,30.7,78.8,18.2,150.9,14.47,68.73,159.3,171.8,193.0,184.2
996.9,30.3,70.2,23.5,45.0,23.03,71.16,40.0,40.0,35.0,30.0
994.5,29.8,87.7,10.1,71.0,19.52,65.3,75.1,81.9,102.4,95.3
969.4,27.4,91.5,22.1,64.6,21.74,64.28,55.7,43.6,35.0,30.0
969.6,29.2,73.8,20.1,104.3,18.02,66.1,105.3,105.3,110.2,103.3
975.5,30.1,74.2,10.1,78.3,22.58,72.33,75.7,69.8,55.9,31.7
931.0,30.1,90.5,20.5,139.7,18.59,71.04,143.0,156.2,173.1,167.9
998.2,28.8,86.0,15.9,67.3,19.45,69.06,72.8,81.9,90.2,82.5
953.1,31.2,71.2,25.0,101.2,18.67,71.9,97.6,90.1,70.8,67.7
949.9,27.9,86.2,10.5,91.0,20.97,67.78,84.7,76.4,57.6,54.9
962.2,29.4,78.0,19.6,103.5,19.38,72.36,102.7,101.6,102.3,100.5
919.3,30.2,79.6,14.9,134.6,16.58,66.52,133.5,128.0,122.8,120.5
930.1,30.2,90.0,25.2,125.9,15.38,66.04,126.0,127.6,129.4,125.3
982.2,30.0,91.1,13.9,65.8,19.76,69.42,63.1,61.9,60.4,58.6
922.5,28.4,80.4,25.3,132.2,18.65,67.21,134.1,138.9,134.6,124.2
969.9,27.9,94.6,24.2,85.5,14.91,69.32,85.8,80.9,74.9,67.4
937.3,29.9,80.6,12.9,121.7,17.76,66.59,121.2,125.2,128.8,119.4
950.4,29.8,90.1,22.5,117.5,18.89,69.25,123.7,132.8,138.1,133.8
941.3,28.0,82.6,25.9,95.7,21.86,66.34,87.9,79.0,54.7,34.2
947.4,30.2,93.3,12.5,131.1,14.72,64.43,140.6,155.1,175.5,169.7
980.4,29.2,93.6,15.9,91.8,17.31,71.75,101.2,112.3,124.4,121.7
942.0,30.1,72.3,17.4,116.1,21.82,71.51,116.2,116.2,110.9,66.2
966.5,30.8,94.3,13.3,98.6,20.16,72.25,102.6,107.9,110.1,104.7
958.3,27.9,91.5,8.3,110.4,16.75,70.09,114.5,127.0,132.7,126.0
975.4,27.3,90.6,12.0,80.1,22.03,69.8,81.2,83.3,74.2,44.8
1000.3,30.6,75.2,13.1,45.0,18.69,68.75,40.0,40.0,35.0,31.4
981.7,29.8,90.9,16.0,94.6,18.73,65.07,98.3,104.7,114.1,112.5
934.6,30.2,92.1,11.1,119.9,23.28,65.61,120.9,120.2,120.8,75.1
917.8,30.8,77.5,23.7,130.8,23.0,66.46,129.0,121.3,113.9,70.7
938.9,30.7,94.8,20.7,126.1,17.41,71.57,132.1,139.6,150.8,140.5
969.2,31.3,71.3,9.5,81.8,15.34,65.47,76.2,69.8,56.1,55.6
919.7,29.5,73.9,19.7,124.4,17.09,71.84,118.2,110.1,99.0,90.5
960.2,29.3,84.0,19.8,99.9,14.29,68.44,101.8,105.8,104.6,100.9
969.3,28.9,85.0,25.2,85.0,14.2,70.08,81.3,80.0,81.7,79.3
945.4,27.9,86.8,8.1,98.7,17.76,64.94,96.8,88.2,69.9,64.9
985.2,29.7,70.4,12.5,72.8,22.94,66.29,69.2,64.3,55.7,35.7
924.7,28.4,95.0,24.7,110.8,22.28,72.15,106.4,99.6,91.0,57.0
921.8,31.2,71.2,24.8,146.1,18.86,66.26,149.9,155.0,163.7,155.4
981.3,29.7,73.7,21.0,91.5,19.37,66.52,94.4,97.8,98.3,93.4
960.1,29.7,70.4,21.8,118.2,14.06,65.68,118.1,120.2,123.1,117.1
977.6,28.7,84.7,9.6,98.5,16.05,65.1,106.0,114.9,125.7,119.9
954.6,27.4,94.2,17.2,115.6,14.24,65.98,121.8,137.6,153.7,146.3
937.4,27.3,87.3,12.2,95.8,21.17,69.46,86.8,77.3,55.3,48.6
989.5,29.0,91.4,11.3,60.7,15.38,67.87,57.8,50.9,48.0,45.1
987.7,27.6,70.3,22.6,55.7,22.26,68.71,47.6,40.0,35.0,30.0
978.2,29.8,84.1,10.4,78.7,20.11,65.04,75.6,74.6,82.2,78.4
939.8,31.0,81.9,16.4,110.2,16.18,70.82,110.6,108.6,103.2,101.4
968.7,31.0,83.0,24.9,98.8,15.5,70.66,104.3,107.7,111.4,108.0
947.8,30.0,71.9,11.3,101.4,19.96,64.18,95.9,88.2,66.9,60.5
923.3,28.1,87.8,25.6,129.4,22.56,67.26,129.9,131.6,132.8,81.8
998.5,30.9,83.1,25.9,45.0,20.82,64.58,40.9,40.0,35.0,32.2
927.5,31.0,89.9,18.0,126.7,17.31,70.73,129.0,132.7,126.2,119.9
1001.5,28.0,82.6,11.1,51.0,19.58,70.27,55.5,56.4,57.0,54.1
955.6,30.4,73.9,13.7,104.2,16.95,71.67,102.2,99.8,98.6,95.8
931.8,28.4,86.9,15.6,120.5,23.49,66.01,117.3,117.1,111.9,70.0
964.3,30.7,74.5,13.6,116.8,21.11,67.88,125.4,135.0,153.0,149.6
994.4,31.5,92.7,13.1,65.2,19.84,65.57,65.8,77.4,80.4,77.2
981.6,27.3,85.9,25.5,81.0,18.02,67.16,79.2,81.2,84.0,76.9
988.4,31.1,74.1,10.8,95.0,19.87,68.44,102.2,116.6,138.8,130.3
974.9,29.9,95.0,21.2,68.3,17.25,64.45,61.9,55.8,51.0,50.5
978.0,31.4,83.5,8.0,83.7,14.27,70.08,87.0,91.4,88.1,78.1
992.3,29.2,71.9,18.7,49.1,17.75,68.62,42.9,40.0,35.0,30.0
937.7,30.8,86.3,24.5,123.5,22.84,71.05,122.9,124.3,122.5,76.0
959.5,27.5,76.6,13.2,100.8,19.95,66.31,101.0,95.1,84.4,83.5
935.1,28.6,90.9,11.3,121.4,14.8,71.68,124.2,127.3,125.9,124.1
1004.9,27.5,91.3,19.7,45.0,22.41,72.49,40.8,40.0,35.0,30.0
1000.9,31.4,95.5,20.8,45.0,16.55,71.81,42.9,46.4,47.0,48.3
918.6,30.7,83.0,20.4,146.4,16.32,70.61,156.2,172.5,188.6,179.4
979.2,30.9,81.8,13.7,74.1,16.82,70.91,72.1,68.7,56.0,47.9
999.2,31.2,89.6,12.5,45.0,19.48,68.88,43.4,40.2,35.0,33.2
931.4,27.6,73.4,25.2,108.3,19.17,65.62,103.8,89.4,70.7,65.0
966.7,28.9,84.2,24.6,73.4,18.67,69.75,67.1,58.2,41.1,42.3
998.3,27.5,84.2,16.2,47.5,20.82,70.06,45.4,44.0,45.1,42.7
918.1,28.1,72.3,23.2,110.6,17.01,72.38,100.2,84.2,61.3,53.8
978.5,28.2,80.9,16.1,67.8,21.43,68.6,64.5,60.7,48.2,40.6
942.1,29.2,92.2,15.6,136.2,15.67,66.31,140.8,152.0,170.7,162.1
999.1,28.4,92.3,10.8,45.0,21.43,69.81,40.0,40.0,35.0,30.0
1003.4,27.6,72.6,15.7,45.0,20.31,72.32,43.1,40.0,35.0,31.4
1000.9,27.9,72.4,17.7,45.0,20.49,65.51,40.5,40.0,35.0,34.1
958.2,27.8,76.8,8.4,92.3,18.57,66.77,90.6,84.7,80.0,72.3
993.4,31.4,92.7,16.0,87.7,20.34,68.61,100.3,114.6,139.9,136.4
991.9,30.5,73.4,22.1,71.7,14.76,65.45,72.0,74.9,84.1,84.1
944.0,31.4,88.7,20.2,111.2,22.09,64.19,109.6,105.1,106.0,62.2
990.4,29.1,72.6,19.4,86.0,14.53,66.86,90.3,95.9,101.9,95.7
918.4,28.4,86.2,24.4,140.9,15.41,71.36,148.0,151.7,155.0,150.8
969.3,30.6,79.3,8.3,119.3,19.48,64.37,131.3,144.0,164.3,156.1
935.9,28.6,90.5,18.0,122.0,21.02,67.65,123.6,128.4,128.4,117.1
926.0,28.5,76.1,22.2,118.0,14.72,70.48,111.0,101.9,85.8,81.0
922.0,28.2,86.6,17.7,112.4,22.75,72.1,107.1,102.8,83.9,49.0
978.4,27.8,76.1,13.8,55.8,23.25,72.38,46.0,40.0,35.0,30.0
945.9,28.3,88.6,10.5,103.9,19.76,67.59,99.4,95.3,90.8,88.4
981.0,28.7,92.7,24.0,85.5,18.57,72.08,90.0,100.6,107.2,100.7
920.9,30.1,73.3,16.5,117.5,21.04,64.3,113.2,101.6,92.9,88.7
943.7,27.5,92.5,23.8,95.9,17.12,70.34,87.4,82.8,70.1,62.1
964.1,28.1,85.4,18.5,85.7,18.69,69.46,84.6,81.7,72.1,65.8
987.0,30.7,73.3,20.1,70.3,22.7,66.12,70.3,59.5,46.8,34.5
944.0,27.8,81.1,22.5,92.2,23.08,68.31,82.3,70.7,49.1,30.7
972.0,28.7,74.2,19.9,73.8,22.81,65.1,71.1,64.1,49.0,33.6
995.6,30.9,88.2,15.2,67.9,16.49,71.41,72.0,83.5,99.6,95.4
971.0,27.9,89.7,17.2,76.5,16.21,67.04,73.1,60.6,49.7,51.8
936.2,27.6,72.8,22.5,132.1,16.83,69.32,133.6,135.1,135.2,121.5
917.2,29.3,83.2,14.7,139.1,18.19,65.35,140.2,141.1,151.6,143.4
994.2,28.5,91.2,15.0,60.5,16.98,65.75,60.9,61.0,66.4,68.8
916.9,29.6,94.3,9.7,152.3,17.56,72.43,160.8,177.9,194.8,188.4
994.6,30.7,83.4,24.5,81.0,19.9,70.4,91.6,106.7,129.5,127.6
963.1,27.8,94.7,9.6,108.4,21.24,72.18,113.2,121.4,135.5,128.7
1000.5,29.7,83.9,19.7,45.0,20.99,66.51,41.0,40.0,35.0,31.4
987.7,29.4,80.2,15.4,58.1,21.74,65.4,53.9,47.4,36.1,30.0
1005.8,27.8,92.1,15.3,45.0,14.31,68.28,40.0,40.0,35.0,30.0
946.9,29.9,82.8,20.2,120.7,14.45,68.2,123.3,126.6,136.0,132.1
984.8,28.4,82.3,9.2,63.5,21.5,65.49,63.7,54.6,44.0,43.6
951.6,29.3,82.7,18.7,90.9,19.06,70.23,81.5,71.8,53.5,50.5
958.7,27.6,92.0,21.9,113.0,19.49,67.08,112.6,117.9,133.4,128.6
972.1,29.2,91.6,22.9,76.4,14.5,65.58,73.2,70.1,70.4,67.3
994.5,28.5,80.5,11.1,50.4,16.43,66.82,46.1,40.0,35.0,36.6
1004.6,30.7,78.7,24.2,61.7,20.06,68.79,67.2,78.6,101.3,99.6
984.9,27.4,82.8,19.8,51.5,22.16,70.18,41.4,40.0,35.0,30.0
953.0,29.0,84.9,23.9,91.3,22.71,68.1,88.3,84.2,69.7,44.2
953.3,29.2,76.2,16.7,124.1,18.75,68.47,130.2,141.1,150.0,136.6
982.1,30.3,90.6,17.8,97.0,19.18,65.18,106.6,117.6,135.4,129.1
936.7,29.7,82.6,24.5,138.9,21.91,71.77,147.3,162.5,176.9,111.8
925.1,30.1,78.7,24.2,140.1,19.11,71.89,142.1,148.7,150.9,138.8
947.3,30.5,72.8,16.1,116.9,18.91,69.81,116.1,115.6,109.9,102.9
941.1,30.9,76.2,12.9,128.2,22.6,64.15,130.5,126.0,123.7,76.7
942.0,28.5,94.7,15.1,120.8,21.5,68.57,122.6,132.3,143.9,90.1
936.3,29.5,77.9,15.0,106.6,22.64,69.35,96.1,83.3,67.2,40.7
918.8,30.8,74.4,13.2,147.5,16.07,72.45,149.4,154.8,163.5,151.3
916.6,31.5,82.0,12.8,161.6,18.98,72.47,173.0,189.4,213.0,202.1
1004.9,31.0,78.0,23.5,55.9,22.0,71.29,61.0,73.0,79.1,43.3
953.9,28.8,70.9,9.3,102.8,15.06,64.54,100.8,94.6,88.0,82.8
950.0,28.0,78.4,20.2,102.9,21.55,72.1,97.7,95.0,87.2,52.5
976.8,29.3,84.1,11.1,94.7,15.74,69.21,98.6,108.8,119.7,113.3
934.9,30.4,84.3,14.2,139.9,21.68,70.81,148.3,158.6,171.6,104.4
1001.4,29.3,79.3,9.1,45.0,19.81,67.46,40.0,40.0,35.0,30.0
986.6,29.3,81.6,12.9,53.2,15.84,66.72,47.1,40.0,35.0,32.0
923.1,30.8,95.1,21.8,144.5,18.5,67.94,151.2,160.0,179.6,173.9
953.0,28.8,79.8,23.9,112.8,20.48,65.25,118.5,118.9,120.1,118.5
995.0,30.9,76.7,12.0,63.9,20.02,67.04,59.5,60.7,59.8,65.3
1001.0,28.9,76.3,16.3,45.0,18.06,71.29,42.4,40.0,35.3,39.4
957.5,28.6,81.9,16.5,107.3,22.54,64.32,106.8,111.3,104.4,60.6
970.8,29.2,89.7,23.7,71.7,18.93,65.28,63.7,54.6,38.1,34.8
930.2,30.5,75.4,21.7,134.9,18.81,65.06,133.5,129.9,124.4,118.1
1005.2,27.7,88.4,17.2,45.0,14.59,67.43,44.7,42.4,35.0,33.0
936.1,28.0,70.5,20.1,113.6,22.76,72.47,109.0,95.0,76.3,47.6
1000.8,31.3,80.9,23.3,45.0,15.68,65.47,44.2,40.0,35.0,41.7
974.1,28.0,90.2,8.2,70.2,19.02,65.24,67.5,57.9,42.8,36.8
970.3,29.6,78.8,15.3,109.5,21.63,71.78,114.2,126.9,141.2,85.0
961.7,29.7,84.7,24.3,108.0,16.05,71.5,113.3,112.6,113.7,113.7
936.0,29.3,75.3,21.3,118.2,19.01,64.27,117.8,114.1,108.3,100.8
931.1,30.0,89.3,17.8,137.1,16.29,70.39,140.7,146.7,156.6,150.1
935.1,28.2,71.4,17.5,111.2,21.22,69.57,103.9,95.8,81.6,81.2
932.0,29.6,92.2,14.3,113.7,19.36,70.53,109.7,102.0,88.5,85.8
985.9,28.8,75.2,17.4,53.6,22.13,68.2,48.0,40.0,35.0,30.0
946.9,30.0,92.7,19.8,93.5,22.5,72.43,87.9,80.4,74.2,49.3
920.3,27.8,79.2,15.5,135.3,20.16,64.37,133.6,136.8,135.5,125.6
1003.2,29.7,88.8,20.9,45.0,20.89,65.99,41.9,40.0,35.0,31.5
995.4,28.0,78.3,23.5,45.0,19.22,67.37,40.0,40.0,35.0,35.1
999.4,28.4,93.6,10.8,52.3,17.65,67.82,54.4,56.8,65.6,55.1
1005.5,28.1,73.3,16.1,45.0,20.16,71.83,40.4,40.0,35.0,38.2
930.8,28.0,74.6,15.3,134.3,22.63,68.76,135.9,140.1,138.3,86.8
951.1,30.8,82.8,20.4,105.6,17.96,64.38,103.0,101.1,102.1,97.5
984.0,28.4,72.1,12.5,71.3,16.99,67.47,68.5,57.7,45.1,37.1
978.3,31.2,75.1,19.5,99.4,17.69,67.54,103.6,107.6,116.6,106.2
929.0,31.4,94.5,23.8,129.7,18.14,72.21,132.8,138.5,142.9,134.4
989.2,29.7,95.4,15.5,68.2,14.7,69.09,64.3,66.3,71.6,70.9
935.4,27.8,79.8,24.4,129.5,18.74,69.4,130.8,130.1,132.3,118.5
935.4,28.8,94.0,25.9,137.4,18.7,70.06,142.0,153.7,175.1,169.1
963.9,30.6,84.2,9.9,106.6,19.59,70.55,107.6,107.8,115.9,108.8
969.0,28.8,77.0,12.2,89.4,17.45,69.4,84.0,82.9,75.2,70.6
967.8,27.6,88.3,25.1,69.8,19.82,66.02,60.6,44.7,35.0,34.1
923.3,29.6,87.1,25.2,118.6,22.34,71.43,112.5,105.4,100.2,63.0
994.8,30.8,95.7,9.8,65.4,23.08,70.22,68.7,75.6,80.0,47.1
939.2,30.6,76.9,8.3,109.2,19.54,70.31,107.6,106.5,101.3,98.4
926.8,28.0,87.5,10.9,127.0,14.4,72.47,126.8,123.7,124.0,109.7
995.9,30.1,71.4,25.9,49.8,23.21,70.82,41.8,40.0,35.0,30.0
1002.0,28.1,73.0,11.2,54.2,20.71,71.05,54.9,51.2,58.2,55.8
993.5,28.1,70.1,17.0,64.1,17.19,72.09,62.4,53.0,46.7,43.1
988.7,31.0,96.0,23.3,70.7,15.4,65.28,73.0,79.5,88.7,77.9
974.6,28.3,90.9,8.4,105.7,15.36,68.23,112.4,118.6,142.1,137.7
965.1,28.3,90.5,18.9,83.0,15.59,68.93,79.8,73.3,64.4,56.8
922.9,27.2,83.3,13.0,111.4,14.43,66.8,104.6,93.7,69.3,65.6
952.2,30.9,77.8,23.5,121.8,22.57,71.13,122.0,129.1,135.0,84.2
948.9,30.6,73.9,13.1,119.0,19.14,70.48,119.6,119.6,117.1,111.3
938.6,29.9,77.4,20.4,110.4,20.65,70.13,107.9,94.6,83.2,83.1
980.8,30.4,79.8,20.1,71.1,21.87,72.48,70.8,67.3,64.5,39.8
960.1,27.9,89.7,12.0,102.9,21.52,66.2,106.3,113.3,117.5,74.3
922.4,29.2,84.0,8.6,136.0,22.38,70.25,139.4,141.6,141.2,87.3
935.0,28.7,72.0,15.4,114.0,23.19,68.69,111.3,99.7,90.1,58.0
977.2,27.6,70.5,13.2,74.6,18.17,66.66,72.1,60.7,39.1,42.0
921.9,29.3,72.7,22.6,149.6,23.03,65.36,152.3,158.8,159.9,99.6
992.5,31.2,80.7,22.4,80.5,20.87,71.62,83.9,96.0,108.0,105.3
960.1,27.4,94.3,16.2,76.5,14.67,69.06,69.0,54.0,38.1,41.3
958.7,28.5,86.6,18.9,88.6,20.48,71.01,90.7,80.6,73.7,74.7
968.9,28.1,90.8,18.9,68.9,20.52,68.64,58.4,52.2,35.0,31.9
990.0,28.2,82.1,22.9,54.1,22.61,65.87,47.4,40.0,35.0,30.0
946.7,31.1,79.4,15.7,105.1,17.54,66.87,98.3,91.7,81.4,78.2
976.7,29.2,72.8,13.0,97.8,19.56,67.24,100.1,101.7,110.9,109.3
966.5,29.2,92.8,12.8,83.2,14.12,72.27,78.6,75.9,73.1,71.4
939.3,30.5,90.4,17.7,142.9,17.15,64.05,152.7,172.2,191.7,183.0
995.0,27.9,74.4,16.1,45.0,14.59,72.38,40.0,40.0,35.0,34.8
987.6,29.3,83.3,15.9,71.3,18.96,72.33,72.8,78.4,87.9,84.4
974.9,29.0,82.7,9.6,91.0,21.77,72.47,94.9,96.8,98.9,62.4
992.4,29.8,86.3,20.9,50.9,15.96,68.05,46.2,40.0,35.0,32.7
993.9,31.5,94.6,11.8,55.2,19.01,72.19,55.3,56.4,57.8,54.1
979.5,30.5,85.1,11.5,104.8,15.94,67.36,113.7,130.2,150.7,149.4
991.2,28.9,84.0,15.4,57.0,15.15,64.22,55.2,52.3,44.0,43.5
978.5,30.8,71.3,12.1,95.8,18.85,65.91,97.7,97.5,100.5,93.5
976.9,27.9,71.6,18.5,81.6,14.75,72.04,80.0,75.8,74.0,69.3
971.3,27.3,74.9,14.7,67.9,19.58,64.12,60.6,43.8,35.0,36.9
983.5,28.1,70.8,16.1,76.4,14.3,68.64,73.5,69.5,60.7,55.1
929.4,28.7,89.3,17.7,103.5,15.01,64.64,96.5,85.9,64.2,55.8
995.2,29.4,88.8,11.7,75.3,19.22,66.43,82.7,89.6,112.6,102.0
994.3,29.8,73.5,10.8,57.1,19.62,64.75,51.2,42.5,35.0,30.0
917.7,31.1,91.7,23.8,132.6,14.28,71.31,130.9,126.7,132.9,121.7
990.1,29.4,74.0,15.8,78.8,19.45,69.02,81.3,89.6,91.6,82.8
926.7,29.4,77.8,15.4,139.1,21.97,71.67,141.6,145.9,151.1,98.5
945.5,27.4,76.5,8.6,93.4,20.86,69.85,83.0,67.5,51.0,48.3
982.7,27.4,79.7,17.0,62.0,15.25,72.25,53.3,40.0,35.0,32.0
929.6,29.6,76.6,18.0,135.9,19.63,68.33,136.2,130.9,136.8,125.0
989.4,29.1,82.7,18.1,61.7,20.39,69.43,59.2,55.5,47.5,44.6
990.7,30.8,80.6,20.7,90.7,14.35,68.9,100.2,115.9,144.1,130.9
961.2,27.9,95.7,11.2,106.9,22.13,68.12,109.0,118.6,130.0,79.3
915.6,27.3,71.5,12.5,128.2,22.61,71.19,122.6,115.9,101.8,70.4
941.1,29.1,73.7,22.6,135.7,22.08,69.48,138.1,145.2,153.8,97.7
971.1,28.2,71.4,25.0,67.6,21.83,70.81,56.1,44.9,35.0,30.0
1004.3,27.4,86.3,10.4,45.0,21.08,70.68,40.9,40.0,35.0,35.7
972.5,30.3,71.4,17.0,72.9,20.02,65.62,64.9,56.2,35.0,31.4
938.6,27.7,91.7,11.9,103.1,20.45,69.53,99.6,92.0,82.1,75.2
972.7,29.8,83.3,9.1,72.6,21.66,65.7,64.2,52.3,38.0,30.0
964.1,28.4,83.7,13.9,92.6,20.29,68.96,89.1,82.7,79.4,71.4
986.0,27.9,84.6,10.6,63.1,17.11,69.76,61.1,52.4,42.0,38.7
924.7,28.8,74.4,20.8,107.8,17.57,72.48,103.1,89.4,63.6,61.5
984.3,30.6,75.1,17.6,73.3,22.52,64.26,68.3,63.8,60.2,34.1
964.3,28.9,78.3,10.6,111.8,14.16,64.78,116.7,122.5,128.9,124.8
1002.6,30.4,85.4,8.2,45.0,20.64,64.65,44.6,44.7,42.5,39.3
946.1,27.7,75.5,22.5,93.7,23.07,67.39,82.8,67.4,35.9,30.0
972.6,30.5,73.0,11.2,81.8,20.71,70.98,79.1,74.7,68.7,67.3
999.8,28.2,95.2,18.9,45.0,23.44,71.17,42.6,42.7,43.4,30.0
924.3,30.1,70.6,14.1,131.3,20.53,70.26,128.1,120.1,107.7,108.3
1000.3,29.6,90.9,18.5,45.0,14.33,71.62,40.0,40.0,35.0,30.9
977.6,31.2,90.5,13.7,107.0,21.86,66.74,119.4,136.8,162.2,105.3
921.2,28.9,77.7,9.6,130.4,16.7,64.75,125.0,115.5,101.3,100.3
942.4,27.5,73.5,12.0,121.9,18.24,64.49,119.8,114.2,102.4,103.5
979.4,27.3,73.8,11.4,62.4,16.96,71.24,57.2,43.6,35.0,33.9
921.1,30.8,88.1,15.7,136.3,16.55,70.21,136.0,144.3,144.9,134.9
968.0,29.5,86.7,19.8,108.3,18.1,69.94,114.3,122.9,141.7,141.8
946.5,30.5,90.4,12.7,132.8,17.6,66.89,137.0,152.9,171.2,161.4
971.5,28.2,94.4,8.2,78.5,20.02,67.23,75.0,71.1,64.5,58.5
919.2,28.7,88.0,17.3,145.3,21.72,72.14,151.3,162.5,182.6,112.5
994.3,27.3,74.1,18.9,59.6,16.82,64.54,56.4,56.7,55.6,49.4
1003.6,31.3,76.3,25.3,45.0,16.03,70.58,41.0,40.0,35.0,35.1
1003.2,30.1,91.9,18.6,55.3,20.34,66.63,61.4,71.3,82.2,75.9
983.2,31.2,75.4,16.5,81.6,20.37,64.33,82.3,89.1,87.8,82.4
926.8,28.3,71.9,18.3,105.9,22.56,70.31,97.4,81.7,54.0,36.9
984.0,29.8,88.3,24.7,83.8,14.15,66.81,89.9,104.1,117.4,113.7
917.2,30.1,80.5,22.9,146.8,22.1,70.14,149.9,149.3,156.4,97.1
917.0,28.6,93.9,13.8,132.3,18.95,70.02,133.7,133.3,132.3,126.3
944.4,30.8,86.9,12.3,110.8,19.9,68.55,110.7,110.3,113.0,107.4
959.5,31.3,72.4,12.7,93.3,14.87,70.61,91.3,80.8,71.7,66.6
985.1,31.0,94.6,17.1,65.0,18.11,68.94,65.3,64.7,63.6,60.4
977.2,30.4,76.7,21.4,80.5,16.16,66.44,76.0,65.9,58.0,56.8
955.6,28.4,78.8,17.1,113.9,16.42,70.24,117.9,118.9,128.1,121.3
939.9,28.4,80.5,9.2,133.0,18.79,69.01,138.4,141.1,152.0,145.9
1005.7,31.3,71.3,21.0,45.8,21.72,64.11,47.8,56.7,62.2,35.6
953.8,27.2,82.9,22.5,110.4,21.07,71.66,112.8,115.3,112.2,104.5
956.1,30.3,73.2,13.2,101.0,19.61,68.64,99.6,100.0,96.0,88.6
929.9,30.2,80.4,20.0,122.8,19.12,71.38,122.2,122.1,118.3,110.4
987.3,29.9,79.1,15.7,91.9,18.06,71.5,102.0,114.5,142.8,140.2
978.1,31.5,90.1,24.0,76.4,23.24,67.78,78.0,75.8,73.4,48.1
935.1,28.5,90.9,23.2,127.4,19.32,68.32,132.1,135.5,145.1,134.1
922.5,28.7,74.0,17.5,129.7,16.41,67.53,126.1,124.7,122.7,118.1
976.9,27.5,79.5,20.4,73.4,16.19,67.82,67.2,57.1,38.2,34.9
974.6,29.1,79.7,23.9,90.7,19.81,71.61,90.9,87.2,88.7,81.9
939.9,28.3,73.9,16.9,121.8,18.97,70.7,120.7,112.4,106.7,96.1
1001.5,28.7,90.8,13.6,63.0,14.07,65.08,70.8,79.2,94.3,93.0
928.7,30.8,88.4,21.6,137.1,21.89,69.19,142.1,154.9,171.0,101.3
954.3,31.2,74.9,12.0,107.5,20.69,72.47,105.3,107.5,98.1,93.0
1000.9,28.0,79.5,15.0,45.0,20.29,69.06,40.0,40.0,35.0,30.0
953.2,28.8,72.8,23.6,109.8,14.65,70.68,106.8,104.8,107.0,104.4
973.1,31.2,86.3,21.0,99.0,17.44,70.54,106.7,113.4,121.8,114.6
951.2,27.5,73.2,15.3,86.4,22.89,66.98,75.0,59.5,39.5,30.0
940.0,27.6,95.6,11.9,98.1,22.19,67.16,93.7,86.0,78.4,48.2
1004.5,27.9,90.3,14.4,45.0,16.71,70.15,47.3,56.6,64.4,62.2
952.2,29.8,80.1,13.1,113.9,15.49,68.25,116.7,115.8,116.2,110.4
996.4,27.8,85.0,11.2,45.0,18.27,68.85,40.0,40.0,35.0,33.1
935.9,31.4,93.7,21.4,127.0,17.38,70.06,131.1,135.7,141.9,133.0
934.4,29.1,84.4,12.5,137.1,20.48,70.61,143.7,151.8,159.1,145.6
917.8,29.4,74.5,16.2,132.5,23.18,66.31,130.6,128.3,125.5,73.9
974.3,28.3,79.8,14.9,91.8,17.45,65.25,93.5,93.6,94.7,92.5
948.5,29.2,91.9,25.7,111.7,14.59,66.48,114.8,118.2,131.0,123.4
993.7,30.0,86.7,15.0,64.5,22.53,68.31,63.9,68.1,69.4,40.7
958.1,30.4,86.9,9.4,92.4,14.36,66.91,89.3,83.7,84.7,75.6
1003.1,30.4,92.5,9.6,50.4,23.05,68.83,55.9,65.0,69.2,36.9
931.9,29.7,93.2,18.6,133.6,20.31,64.45,141.0,150.7,168.4,157.5
994.0,31.1,93.9,18.8,76.5,22.95,68.33,85.9,103.7,126.7,81.7
985.7,30.7,72.5,15.5,64.2,15.9,67.13,58.3,45.3,35.9,32.2
985.2,30.5,84.1,15.8,93.4,14.39,68.54,101.7,112.0,132.3,127.1
991.9,27.4,89.3,9.0,54.4,18.64,67.59,52.4,50.8,46.9,42.4
984.3,27.2,89.7,17.3,80.0,18.28,66.42,85.5,82.1,82.7,80.8
972.0,28.1,85.8,17.1,71.9,17.15,71.68,66.3,54.2,40.7,37.4
926.9,30.1,74.3,10.7,133.0,23.1,65.57,130.1,127.7,128.4,75.3
918.0,29.0,90.7,9.9,137.1,21.81,69.79,137.9,145.5,150.8,92.6
998.8,28.9,88.7,10.2,54.1,20.29,71.86,56.6,58.6,65.5,68.6
971.1,31.0,72.2,9.8,85.6,15.55,68.58,81.3,71.6,61.9,65.1
987.5,31.1,82.1,19.0,75.6,20.98,71.45,80.9,86.0,86.6,83.9
958.8,31.1,74.5,11.5,100.5,20.91,65.06,96.7,88.9,85.7,81.0
925.7,28.5,78.8,12.5,110.7,18.04,68.2,103.0,84.1,63.9,61.8
926.4,30.2,70.5,11.1,118.3,22.79,67.88,109.6,97.2,77.7,49.3
977.4,28.4,80.4,25.2,87.3,15.59,64.07,86.9,83.7,88.0,83.4
954.2,28.0,84.3,23.4,83.1,16.54,67.77,77.6,59.6,35.8,35.5
933.2,28.0,86.1,12.1,141.0,14.6,67.14,144.3,154.8,166.0,158.4
959.7,28.7,87.3,13.9,106.5,21.56,69.69,109.1,114.0,117.9,72.0
920.8,29.0,91.7,11.8,117.7,19.91,71.98,113.7,108.1,102.2,92.9
968.0,30.8,75.6,16.9,109.0,16.99,64.73,113.2,123.3,134.3,125.9
939.5,27.7,73.1,8.4,123.7,15.56,66.78,123.6,125.3,124.8,121.4
987.6,30.4,92.1,20.1,83.4,14.38,67.77,87.5,91.7,105.4,100.0
943.2,29.5,74.1,17.4,115.3,15.58,67.87,115.3,111.4,103.7,99.6
956.4,28.4,95.3,24.2,106.0,18.31,70.59,111.2,112.5,116.4,109.5
916.1,29.3,91.9,11.0,125.5,16.35,67.77,123.9,118.8,115.7,106.2
921.6,28.5,83.0,22.5,111.1,16.46,64.23,108.4,98.1,79.5,74.7
950.7,29.8,95.5,22.3,103.2,22.32,70.04,102.8,98.6,104.8,61.4
958.7,29.1,72.5,10.3,116.2,18.89,71.52,118.9,117.3,120.6,110.7
969.6,27.9,77.9,15.2,64.6,20.93,68.37,57.6,43.5,35.0,37.5
941.5,27.7,86.6,11.1,121.7,14.34,68.94,122.3,126.1,140.7,132.2
978.2,29.6,79.1,12.6,98.3,17.47,65.38,100.5,108.8,119.0,110.4
993.3,31.1,94.1,12.7,88.7,18.55,65.88,96.5,111.9,143.3,141.8
986.0,28.7,71.7,18.0,67.7,15.77,66.0,67.4,62.8,58.5,58.5
918.6,30.4,84.3,15.4,152.1,15.14,67.66,158.6,172.8,194.8,183.7
958.7,30.0,85.4,25.1,118.0,22.27,71.89,124.5,136.0,151.7,95.5
924.5,31.2,87.0,10.3,144.2,22.92,68.44,148.7,156.4,173.5,106.7
937.0,30.7,76.6,25.5,135.0,14.75,65.63,140.9,146.7,151.9,141.9
1004.8,29.6,79.5,12.2,45.0,17.32,66.26,41.9,41.4,45.1,44.5
928.0,30.0,91.9,21.9,115.8,23.1,67.26,113.0,113.4,105.2,64.1
960.4,31.1,75.1,14.1,101.6,14.79,69.3,99.6,94.5,87.2,83.1
971.3,28.9,91.5,10.6,94.8,20.11,67.74,97.2,103.7,114.6,112.4
978.9,28.6,84.6,23.4,92.1,23.24,67.34,94.6,98.9,105.4,68.5
965.9,27.2,89.8,13.6,71.2,23.29,68.8,64.8,50.7,35.0,30.0
915.9,30.8,88.6,19.9,165.6,18.48,66.06,176.7,192.4,223.3,213.8
944.7,30.6,75.4,18.2,103.7,15.55,64.67,99.1,82.9,74.7,67.1
962.1,27.6,84.8,16.5,105.6,15.92,64.21,108.0,114.7,120.9,116.4
923.0,29.7,92.6,16.9,112.5,22.45,66.14,107.5,105.4,93.3,58.4
946.9,29.2,81.2,21.2,121.6,22.66,64.78,126.9,128.1,136.5,86.0
918.0,27.7,95.1,9.6,131.3,19.77,66.86,130.3,128.1,127.4,120.0
922.2,31.4,81.8,20.0,132.3,21.28,70.57,132.7,132.3,138.6,138.9
951.1,28.1,73.7,24.1,98.1,21.03,70.09,93.4,84.8,73.2,66.4
927.1,27.5,80.1,9.0,122.8,20.29,69.19,123.8,125.2,128.2,125.2
966.6,29.8,94.7,10.5,92.1,21.86,71.25,96.0,99.5,103.8,60.7
977.7,30.4,78.3,20.9,80.7,20.51,66.4,78.1,71.5,65.5,64.0
987.9,27.3,92.6,15.9,79.1,19.07,71.52,84.9,89.9,107.5,104.2
933.2,30.0,92.9,15.3,147.0,16.25,67.39,157.5,176.6,209.7,199.4
930.2,29.5,79.1,10.5,130.9,21.07,67.41,126.9,128.8,135.4,126.9
924.5,27.6,72.2,17.1,143.6,18.5,67.45,141.4,145.6,150.8,143.8
972.9,27.9,88.8,10.3,79.2,16.8,64.83,74.6,65.9,59.5,57.5
979.3,29.6,78.1,16.6,91.5,21.62,72.29,94.2,105.6,112.7,76.2
917.9,28.5,90.4,21.7,130.3,20.62,65.18,129.0,125.7,129.1,119.6
1000.2,31.2,81.5,12.6,75.7,22.9,66.9,84.1,98.0,111.6,67.3
919.7,30.7,82.6,16.7,144.2,15.57,66.71,145.6,142.6,147.4,141.0
964.3,31.4,90.2,25.9,122.3,20.17,64.63,132.1,146.8,173.4,163.9
979.5,28.3,79.9,20.4,92.7,16.32,65.29,95.2,107.5,111.3,105.4
994.3,31.4,81.5,23.1,89.4,22.58,64.38,98.8,116.9,140.1,90.6
980.0,29.1,79.8,15.5,60.4,14.95,66.49,48.0,40.0,35.0,30.0
988.0,28.7,79.6,21.8,81.3,20.23,71.37,84.6,89.1,97.4,90.4
945.9,27.4,83.7,8.7,100.1,21.52,66.89,94.2,84.6,71.4,38.2
989.1,27.4,91.0,10.2,78.4,17.37,65.05,83.6,92.9,99.0,89.9
922.3,30.2,79.4,11.7,149.3,23.06,69.49,152.8,166.9,179.4,119.6
996.4,29.2,83.6,15.2,54.7,22.08,72.47,54.8,53.0,56.4,37.1
964.8,28.2,87.4,23.2,95.1,16.8,65.97,92.7,87.3,85.9,85.0
989.4,29.8,77.0,14.2,52.9,14.07,66.38,44.5,40.0,35.0,33.0
956.2,28.3,77.2,19.8,83.5,16.82,72.26,75.6,59.0,35.0,35.9
973.6,29.7,94.3,20.8,80.2,16.67,65.52,82.3,76.1,72.4,62.6
962.9,28.7,88.8,18.6,91.3,22.45,68.35,90.0,88.5,75.9,50.7
981.6,30.7,85.0,14.4,86.5,23.19,66.04,88.2,92.9,104.1,61.7
922.4,30.7,86.8,18.4,136.0,14.67,71.92,141.3,150.4,169.7,159.4
920.5,29.3,70.8,14.2,114.6,18.48,72.34,107.4,90.1,64.1,62.7
937.5,28.7,86.1,9.5,116.4,19.21,70.92,115.5,113.6,105.0,100.9
929.5,28.8,83.2,25.9,120.9,14.88,66.68,123.8,116.7,113.4,108.0
994.3,30.7,84.2,10.3,75.4,17.59,67.43,80.3,88.3,109.3,99.1
934.9,28.6,79.3,9.3,136.0,17.01,66.06,141.2,148.5,160.2,152.5
1003.8,28.1,72.1,23.8,45.0,19.09,71.57,40.0,40.0,35.0,36.6
945.7,27.6,75.0,13.4,116.0,20.28,71.77,117.2,116.8,112.2,104.7
931.6,29.2,94.7,19.7,129.8,20.68,67.56,129.0,136.5,139.0,136.7
986.9,29.3,80.6,13.9,82.4,15.3,69.58,87.4,99.8,109.5,101.0
974.9,30.8,82.1,15.0,78.3,21.72,65.41,78.2,83.7,75.7,47.0
960.3,28.2,71.4,12.7,114.8,20.45,67.7,122.9,127.8,131.2,130.0
965.5,28.8,71.0,14.2,79.9,22.45,69.37,73.3,64.2,41.9,30.0
980.4,30.7,88.6,15.4,98.3,18.27,67.28,106.0,122.7,143.4,139.9
935.8,30.7,84.0,21.0,112.0,22.49,67.04,106.9,104.2,97.1,67.1
1005.7,28.9,83.2,17.2,45.0,22.22,64.01,44.9,43.0,35.0,30.0
1003.7,29.2,76.3,25.0,50.0,18.16,70.84,54.7,59.2,69.1,63.8
974.2,28.5,89.4,8.8,85.3,17.62,71.56,82.6,79.3,74.9,68.5
933.2,31.2,74.4,17.1,141.4,22.86,72.24,145.1,152.8,165.7,107.3
976.9,27.7,74.9,18.5,90.0,20.79,70.11,91.2,91.8,96.5,96.1
921.6,31.2,82.0,24.6,129.0,22.82,68.66,127.5,124.2,115.9,77.0
917.8,30.1,77.4,8.9,139.8,21.57,66.29,139.8,146.9,153.4,95.0
938.4,29.5,76.4,18.3,123.6,19.79,72.49,123.0,122.5,120.4,118.0
957.1,27.3,86.8,23.4,109.1,15.1,69.01,108.4,111.4,122.4,116.1
994.0,29.2,86.9,12.4,68.5,16.77,69.79,72.6,76.8,79.0,72.0
981.2,29.0,91.4,23.8,62.0,23.2,69.8,56.9,48.7,39.0,30.0
982.6,27.9,80.9,8.3,77.6,17.03,71.18,77.8,71.2,68.8,71.1
953.7,30.0,71.9,21.2,90.6,14.89,64.08,85.7,71.5,49.0,43.0
946.5,31.4,77.1,24.8,105.6,20.72,65.87,101.6,96.2,89.1,81.0
948.8,29.6,95.5,19.8,131.7,20.97,69.66,139.3,156.4,173.1,164.5
1004.9,30.3,85.5,15.9,58.5,16.71,71.61,65.4,73.2,82.5,81.8
918.6,27.5,88.5,8.8,112.9,16.83,69.83,105.7,90.4,61.2,54.2
993.9,29.0,70.2,24.6,65.5,18.45,67.51,66.4,64.3,57.6,55.5
967.7,27.7,83.5,16.5,108.7,14.21,67.07,114.0,116.0,133.0,124.3
954.9,29.8,71.0,8.5,118.9,21.5,70.27,119.9,121.7,131.4,127.3
981.0,31.2,84.8,20.4,85.8,17.01,70.3,89.5,87.8,89.5,82.2
959.3,30.0,93.9,16.7,96.0,22.11,69.16,96.9,98.5,93.8,60.9
994.5,27.5,95.2,10.2,66.9,21.62,66.48,69.1,74.7,84.3,51.7
997.0,28.7,84.1,11.9,70.5,20.28,71.86,78.1,90.9,97.4,89.3
953.4,29.6,81.9,9.2,90.7,17.09,68.69,85.4,78.5,60.0,57.2
940.2,28.9,94.6,18.3,104.9,18.91,70.72,103.2,97.6,96.1,84.5
968.9,30.8,87.5,19.2,94.5,18.23,65.82,98.1,98.0,104.3,97.1
998.0,30.7,71.7,17.1,48.4,17.22,66.92,43.5,40.0,35.0,34.4
934.2,29.8,82.1,22.7,124.7,22.06,71.43,128.1,130.5,129.1,73.8
971.7,28.8,76.2,23.5,79.2,18.59,64.43,72.7,63.9,50.0,38.5
972.5,28.3,82.2,19.1,82.8,21.91,68.35,80.2,78.2,69.1,34.7
981.7,27.7,81.8,8.2,88.2,15.0,68.09,87.2,90.7,96.2,96.0
927.0,28.7,85.1,20.5,121.3,15.34,70.39,118.4,112.6,103.9,98.5
980.1,29.0,79.3,15.5,81.1,23.28,66.4,79.3,78.2,72.6,43.2
997.7,30.1,74.3,18.2,45.0,19.58,65.86,40.5,40.0,35.0,36.6
931.4,30.0,83.1,19.7,135.9,18.84,71.87,141.3,146.2,147.0,138.3
936.6,27.5,91.6,14.3,95.7,18.97,68.86,90.6,75.8,59.5,57.5
1003.4,28.9,87.3,24.5,45.0,16.05,64.89,40.0,40.0,35.0,33.3
931.5,28.0,78.8,10.4,130.4,20.83,65.64,131.7,133.4,130.5,122.3
992.7,27.9,94.3,20.1,45.0,14.81,72.49,40.0,40.0,35.0,34.3
959.8,30.8,93.7,8.1,111.0,19.45,65.66,117.9,131.4,137.3,133.2
937.5,27.4,75.4,24.6,92.9,19.42,69.19,83.0,65.0,35.0,32.6
994.2,29.0,71.0,10.0,61.0,22.68,67.57,60.1,59.6,50.4,30.0
955.5,27.9,89.3,9.7,90.5,19.0,71.53,88.8,81.6,67.7,63.1
961.8,31.0,91.5,14.0,108.5,15.3,70.42,111.9,118.9,132.6,118.0
947.7,29.6,95.2,14.7,124.4,19.44,69.07,130.7,141.3,157.5,150.6
969.0,28.2,93.1,11.9,102.9,14.87,64.09,107.9,115.0,126.1,115.6
929.9,29.4,85.6,18.5,129.5,15.94,71.48,129.3,132.7,132.5,128.1
950.6,30.3,83.8,16.0,104.8,14.3,67.78,102.4,96.3,89.3,84.5
1003.2,31.3,70.7,8.6,50.4,18.88,71.92,50.6,45.4,40.1,38.5
938.5,28.1,76.4,13.8,107.7,14.8,68.21,101.2,93.3,74.1,72.9
974.8,31.0,81.9,22.6,102.8,18.46,69.9,110.7,122.5,133.8,123.9
944.6,31.2,86.3,20.4,123.9,22.86,64.59,125.0,133.4,143.0,89.9
985.4,31.1,84.5,21.0,102.5,20.84,70.33,114.2,130.9,152.3,145.6
926.9,29.9,89.3,20.6,118.5,14.74,66.87,117.1,114.9,107.3,101.3
1003.3,29.9,77.3,13.6,45.0,16.13,66.99,40.0,40.0,35.0,30.0
956.3,28.9,84.7,9.8,107.0,20.4,65.01,106.3,110.2,110.6,107.2
936.5,30.4,72.3,12.9,144.4,22.5,65.25,147.5,156.6,168.1,106.7
921.7,29.5,80.8,23.0,149.0,14.31,65.58,152.2,156.8,170.3,162.2
930.4,30.1,89.5,25.6,123.1,21.72,66.79,125.1,124.3,125.7,74.2
962.3,29.0,88.0,16.9,95.2,19.34,71.58,93.9,91.8,90.1,83.8
945.7,30.3,95.8,8.2,100.3,19.19,67.13,102.1,100.8,102.5,97.1
990.4,30.7,77.2,10.5,82.2,23.1,70.16,85.8,88.4,101.8,65.5
954.2,27.8,83.0,13.8,88.9,21.1,64.7,83.9,78.3,63.1,54.4
937.6,30.8,78.6,18.4,117.0,22.08,69.02,114.4,111.5,117.9,71.1
971.2,29.5,81.5,9.4,96.9,17.36,68.1,97.8,102.5,103.7,97.1
979.3,30.8,92.3,25.0,84.1,19.27,72.31,87.2,96.2,102.0,96.6
930.2,29.1,87.8,14.6,140.0,19.85,71.19,144.3,146.9,164.3,151.5
930.3,28.8,92.9,24.4,123.3,17.06,67.87,122.2,123.5,128.1,120.9
918.3,31.1,75.3,22.0,128.6,19.42,70.59,124.2,116.2,109.1,102.5
982.0,28.3,92.7,21.6,79.9,16.25,65.64,81.3,82.4,86.0,78.0
975.4,30.8,71.6,18.9,78.9,15.36,68.78,76.5,68.2,62.2,58.7
958.2,29.3,93.1,19.3,101.5,17.55,64.63,103.6,108.3,105.2,98.0
991.8,29.4,78.6,19.5,79.7,21.02,66.96,85.7,93.8,108.4,104.8
988.3,28.5,78.2,19.3,65.7,22.7,65.92,63.7,60.7,57.2,32.4
968.3,29.7,83.3,18.0,99.2,18.35,70.11,100.3,101.2,97.4,92.9
994.0,28.6,94.5,25.8,60.4,20.11,68.17,60.6,60.6,68.8,62.6
933.7,27.4,71.2,21.2,129.6,14.98,70.38,130.2,124.8,125.4,117.0
925.2,28.4,79.2,22.0,132.0,22.59,68.38,132.1,126.1,121.1,76.1
939.5,27.2,92.3,23.7,129.8,19.4,64.74,137.0,145.6,149.1,142.5
920.2,31.4,80.3,11.9,161.3,21.41,70.25,171.1,185.5,202.5,190.9
963.3,31.4,75.2,9.5,115.0,21.55,71.08,120.2,124.6,134.6,82.5
1000.2,28.9,81.0,16.7,55.6,16.44,71.68,55.5,57.4,65.0,56.6
918.6,30.3,80.0,17.3,123.6,19.03,68.86,117.8,114.7,101.2,101.0
926.1,28.7,93.8,22.9,129.9,23.12,70.41,133.4,135.6,145.5,92.6
956.2,30.1,89.8,16.0,103.3,14.85,70.39,104.0,104.3,104.7,101.8
1000.0,30.7,83.1,18.3,53.5,20.49,65.32,54.9,57.6,62.3,53.6
943.8,31.3,95.7,17.5,115.2,23.14,65.4,117.4,121.1,123.9,74.7
961.2,28.9,82.1,8.7,107.7,16.86,64.6,111.5,119.3,127.5,119.9
918.8,30.6,71.5,19.1,121.1,22.18,66.72,112.4,105.5,91.3,49.9
928.5,28.3,76.8,22.9,121.1,22.87,68.02,120.8,114.9,109.9,71.2
1004.8,31.5,81.3,10.8,45.0,21.1,72.48,41.6,40.8,39.8,42.9
1002.8,27.3,74.1,18.7,45.0,16.2,67.66,40.0,40.0,35.0,40.5
915.4,29.8,94.6,18.7,153.9,17.17,70.17,162.5,176.9,195.9,182.5
1001.6,30.0,89.9,11.0,47.4,14.34,69.89,50.3,50.5,42.3,40.6
973.2,30.2,77.0,10.2,113.4,21.9,65.74,121.8,132.1,153.1,99.6
994.0,27.7,85.4,25.6,57.3,22.07,64.5,56.8,53.0,47.7,30.0
956.4,31.2,88.8,15.1,128.4,20.01,68.64,137.0,149.5,171.9,161.3
961.9,28.0,94.5,12.1,93.5,17.35,69.95,91.3,90.6,79.9,69.3
959.5,29.9,92.9,11.1,80.6,14.73,72.49,73.4,65.9,60.7,61.7
975.7,28.2,83.4,20.0,78.7,21.15,67.05,73.4,67.6,59.6,56.6
927.7,28.5,90.1,19.0,110.6,20.9,71.62,106.3,96.5,88.2,81.2
917.7,29.5,84.6,19.6,135.6,22.67,67.25,138.4,130.2,131.9,82.8
943.0,29.0,84.4,9.6,114.8,20.94,69.86,115.1,113.3,111.9,106.8
979.1,27.9,73.0,24.1,56.7,21.87,69.09,47.4,40.0,35.0,30.0
933.4,27.9,73.3,15.0,103.4,21.09,64.45,96.6,80.1,53.9,50.4
976.3,29.0,83.8,13.6,71.7,19.99,64.67,67.7,65.6,59.6,62.3
1003.3,30.5,77.0,16.3,54.1,18.06,64.18,57.5,65.1,74.0,69.9
923.5,31.1,70.5,15.0,131.9,22.57,67.15,130.2,131.4,125.8,83.6
976.2,27.6,88.8,23.5,86.0,20.18,70.34,91.9,91.0,94.9,92.2
955.4,28.9,70.8,24.7,105.0,17.78,65.47,103.9,99.3,94.7,91.2
994.0,27.6,85.5,13.5,53.6,14.79,69.15,49.8,45.1,43.7,41.1
931.1,27.3,84.0,23.6,101.3,16.76,66.46,91.3,75.9,54.0,54.8
978.0,30.0,95.2,22.1,68.3,19.17,70.77,68.1,61.7,53.4,51.1
991.3,29.8,82.6,24.8,67.5,16.62,70.79,67.5,65.5,70.2,63.4
1001.0,27.9,71.7,12.4,61.2,16.1,70.59,67.2,68.2,78.2,71.0
977.2,28.2,84.3,18.4,61.5,19.01,68.46,49.7,40.7,35.0,34.7
960.2,27.3,91.9,12.9,104.0,15.61,66.42,109.6,114.4,124.0,114.7
971.2,30.8,95.9,22.8,88.2,21.6,70.88,91.9,95.1,100.1,61.9
994.1,31.4,81.2,8.1,88.1,18.6,65.58,98.1,114.4,137.1,133.9
966.9,27.8,78.3,18.2,90.2,19.45,66.46,88.0,88.2,91.7,88.1
917.8,28.2,93.6,14.1,113.9,15.4,65.56,110.3,98.6,80.7,74.1
999.7,30.9,75.0,13.8,74.4,17.08,69.73,82.6,95.5,115.3,114.5
977.7,31.2,86.0,19.6,93.6,17.9,69.83,96.5,101.7,115.6,111.8
976.6,29.0,80.5,23.3,88.7,21.68,69.55,87.5,88.7,88.5,58.4
934.6,27.4,71.1,19.0,100.0,21.32,67.53,89.2,71.7,37.2,30.0
975.0,27.4,79.0,23.4,64.7,16.12,64.85,55.4,45.3,35.0,34.4
950.8,29.7,76.9,12.8,122.5,19.85,71.74,122.9,132.3,135.8,132.0
974.3,28.9,87.8,17.4,106.0,16.31,68.32,112.2,124.2,132.8,132.1
924.7,27.3,94.7,16.1,118.6,23.39,67.46,114.7,110.2,107.0,61.2
974.9,29.7,77.0,8.2,96.7,23.05,69.01,98.6,105.6,106.1,70.0
1005.9,27.2,91.1,18.0,45.0,19.35,65.64,41.9,40.0,35.0,39.0
919.4,30.6,71.4,19.9,160.9,20.64,65.13,170.2,174.9,199.1,182.1
1003.9,28.5,84.0,18.7,50.8,21.61,67.45,56.6,60.7,64.3,41.6
952.0,27.4,71.8,21.3,92.1,20.85,65.93,82.9,70.8,46.6,46.4
994.2,29.7,94.3,18.3,74.5,20.65,66.08,82.0,88.3,103.1,96.8
986.2,28.9,89.9,9.2,56.8,23.11,71.59,52.3,42.0,35.0,30.0
966.6,31.4,87.1,10.1,122.9,19.67,68.51,130.9,146.2,168.0,161.9
982.2,29.5,91.4,18.7,92.6,20.04,68.11,99.3,108.5,118.4,110.3
994.9,28.4,86.8,12.9,45.0,22.07,69.86,40.2,40.0,35.0,30.0
951.8,30.3,95.2,9.4,113.4,20.36,72.09,118.0,124.8,137.1,133.1
944.8,28.4,88.6,15.7,103.6,20.96,64.95,97.2,93.7,87.4,89.2
975.8,31.1,94.0,18.0,103.6,16.22,71.09,113.0,127.9,150.2,144.5
988.5,28.8,83.4,13.9,70.8,17.53,68.96,66.3,61.2,56.6,54.2
984.4,29.6,73.0,21.0,67.8,15.4,65.24,64.6,52.9,45.0,40.9
987.6,27.4,83.7,19.6,69.6,18.8,66.53,70.3,72.8,68.3,61.3
954.6,29.0,73.3,14.0,90.8,18.33,68.1,83.4,69.8,53.6,54.8
989.4,30.8,85.4,21.6,68.4,23.47,69.88,69.0,67.9,73.5,45.0
925.9,30.7,82.5,19.7,140.3,19.81,66.06,143.5,150.1,165.1,160.9
964.5,28.2,86.2,19.5,90.2,21.47,68.55,88.1,82.4,84.9,79.5
915.5,28.2,70.3,18.0,128.6,17.17,69.82,121.9,111.6,99.0,91.8
944.5,30.7,75.1,8.2,134.2,21.9,67.81,137.2,147.3,165.5,104.1
948.3,31.2,82.8,20.5,127.4,19.84,71.34,133.7,139.9,139.7,132.5
951.1,27.6,94.7,14.8,112.5,20.62,71.39,113.4,122.6,132.8,122.0
978.3,29.1,80.0,25.0,86.1,16.8,68.0,86.9,87.6,86.1,88.1
950.4,28.7,81.0,22.7,93.7,19.21,72.27,88.9,81.9,68.0,62.4
955.8,30.9,88.6,18.6,114.4,20.02,64.64,118.7,119.6,130.5,127.2
936.6,27.6,85.7,12.5,100.6,19.6,64.03,89.7,72.7,50.6,51.0
949.0,28.1,77.8,11.7,118.3,22.69,67.24,115.4,112.6,113.6,66.0
935.7,30.4,80.7,14.1,132.6,22.53,69.11,134.0,135.5,148.0,88.3
921.7,27.4,75.7,16.6,117.2,23.22,69.35,109.4,96.3,73.8,44.7
969.9,29.3,95.1,13.3,89.9,20.34,68.05,90.0,95.3,94.5,86.8
975.8,29.1,73.4,17.3,83.9,23.23,65.06,80.4,76.7,77.0,53.8
971.4,28.6,79.7,11.0,103.6,21.91,65.45,112.2,119.5,133.3,82.0
957.2,28.9,70.7,25.6,107.3,16.57,71.24,102.5,98.3,102.4,100.4
949.6,29.5,75.8,9.9,124.4,18.06,71.38,125.3,132.1,141.0,135.8
993.6,27.9,90.3,24.8,45.0,16.26,69.73,40.1,40.0,35.0,34.2
962.2,29.7,75.2,24.4,106.5,14.04,69.65,108.3,111.8,118.9,113.1
958.6,30.7,72.1,17.5,93.2,15.79,69.08,86.5,79.9,62.5,63.7
917.3,30.5,82.3,21.0,133.5,14.04,65.72,134.6,134.0,131.8,122.3
946.1,27.9,70.3,15.8,116.1,20.84,67.64,113.9,112.1,106.1,106.8
949.6,27.8,72.2,19.3,102.0,18.04,69.92,96.4,84.9,66.3,58.4
951.3,28.4,91.0,14.1,96.1,16.97,68.57,91.3,81.4,65.7,65.1
967.8,28.8,90.1,13.4,72.7,21.24,64.16,66.3,58.6,54.5,46.9
963.6,29.0,93.8,18.4,113.5,21.91,72.11,117.9,131.8,148.0,90.7
970.3,30.1,92.2,17.0,99.1,23.27,71.18,104.1,110.5,122.5,76.3
984.6,27.4,87.8,18.4,68.6,20.1,66.21,67.1,61.8,69.6,64.4
989.0,27.3,71.4,13.2,79.2,18.38,69.24,80.6,81.6,83.5,78.7
980.3,28.9,90.4,14.6,73.3,16.9,71.85,73.1,74.5,72.0,63.6
1002.0,30.2,92.0,9.5,45.0,16.11,64.82,44.3,40.0,38.5,33.1
916.7,28.0,90.8,8.9,132.0,16.02,68.28,135.1,133.5,134.5,129.5
932.8,30.0,83.2,12.6,117.8,17.89,67.88,114.6,110.8,101.7,96.7
915.7,28.3,76.1,9.3,130.6,23.42,67.49,126.7,118.5,97.9,58.3
973.9,31.0,92.0,9.9,100.8,14.01,71.1,107.8,119.5,130.5,128.6
996.7,31.1,88.9,22.6,78.0,15.87,67.24,87.5,99.0,117.2,107.0
937.2,28.5,95.5,8.7,110.7,15.79,64.54,107.6,103.1,98.4,92.2
999.4,28.2,74.0,19.9,45.0,20.81,64.56,40.0,40.0,35.0,31.5
920.5,29.0,75.9,12.9,121.5,17.35,64.36,117.8,106.8,104.2,101.1
1000.0,28.2,75.5,23.7,61.2,18.34,67.48,62.1,72.7,78.1,74.3
947.0,30.1,90.6,16.7,127.6,15.41,70.11,133.8,141.9,163.8,155.2
924.2,30.8,74.9,13.5,154.4,17.85,65.73,156.8,170.9,188.9,173.0
959.2,30.1,71.7,17.3,104.9,14.98,69.49,100.6,96.4,95.0,93.3
938.4,30.7,96.0,14.9,118.0,19.06,69.84,117.2,115.3,120.2,113.4
940.9,28.9,70.6,18.2,134.0,14.93,66.17,138.7,141.9,139.7,133.1
943.0,27.9,91.7,10.1,96.3,21.51,69.1,91.8,83.8,69.8,40.7
988.1,30.4,79.5,25.9,68.3,19.38,69.82,67.5,67.7,67.1,60.6
964.1,28.8,91.9,15.7,88.6,20.88,67.97,87.8,87.4,77.6,79.0
943.3,30.1,84.4,14.3,101.9,17.98,66.86,98.0,92.9,81.4,71.1
970.5,28.4,93.4,20.8,97.8,17.62,69.26,103.9,111.2,133.7,123.3
980.2,27.5,94.1,14.6,54.2,14.93,72.31,45.0,40.0,35.0,38.4
939.8,31.5,70.2,23.0,141.8,18.98,67.63,147.9,155.0,168.7,162.5
952.6,27.9,72.0,16.2,107.0,18.89,67.33,104.0,96.9,85.2,79.8
926.1,31.5,76.5,21.0,122.7,18.45,67.95,117.5,115.6,108.6,107.5
931.5,31.4,87.4,9.9,118.1,21.03,64.65,116.9,115.3,109.3,105.4
977.0,30.6,93.1,23.2,88.4,21.91,68.7,92.6,97.3,103.9,65.2
931.5,30.0,82.0,21.2,124.7,21.13,66.79,125.0,124.2,125.7,120.2
962.8,29.7,85.8,11.8,90.2,15.37,65.03,88.7,89.3,90.9,88.0
979.5,30.9,74.9,10.6,72.4,19.91,67.96,69.9,68.8,70.1,68.3
924.7,28.4,90.9,13.7,140.0,14.76,64.03,145.2,155.1,165.6,165.0
966.6,29.2,95.2,25.6,83.0,20.6,67.42,80.8,69.1,55.5,52.1
938.3,29.9,77.0,12.6,125.0,17.63,64.9,124.3,125.1,127.3,120.3
1002.6,29.0,82.9,16.2,45.0,15.26,64.21,44.0,46.8,53.4,46.4
959.0,29.0,72.2,8.5,108.3,22.19,71.01,109.3,107.7,107.8,66.6
988.3,28.6,84.5,15.2,65.1,19.83,71.79,60.4,60.8,64.7,68.0
965.1,29.6,83.1,18.3,83.7,17.37,65.77,79.2,70.2,54.5,55.2
919.0,30.9,73.8,25.2,138.1,14.29,68.58,137.0,133.5,131.1,122.6
972.6,28.1,81.5,17.3,60.0,19.1,66.36,49.8,40.0,35.0,33.4
1001.6,31.2,78.7,22.7,68.6,22.77,68.2,75.9,86.3,101.7,58.5
969.7,30.2,83.6,17.8,86.9,19.67,67.71,82.3,82.1,80.1,72.7
989.5,30.7,85.2,8.7,60.9,23.23,66.29,57.4,52.0,51.1,32.2
995.5,29.6,70.2,13.7,50.5,15.3,69.95,44.4,40.0,35.0,31.5
935.8,30.6,89.8,18.4,123.4,19.4,65.08,124.5,127.9,133.7,123.4
934.3,27.3,88.5,25.1,111.2,21.58,64.45,106.5,105.6,98.7,62.9
970.6,30.7,79.5,23.5,81.4,18.99,70.53,80.5,74.2,68.2,64.5
952.4,27.4,71.4,12.1,89.5,14.87,69.66,82.9,61.4,35.0,30.0
991.4,31.0,89.6,12.0,87.6,19.54,68.24,93.3,110.7,134.3,120.3
996.9,31.5,94.8,11.6,52.1,19.81,67.98,53.5,60.1,61.2,56.1
947.2,28.5,76.2,24.6,112.5,20.92,68.23,112.7,112.4,109.9,98.9
936.6,28.1,78.4,23.3,126.0,21.23,67.71,127.7,126.9,128.4,115.5
986.0,30.5,74.8,21.9,59.5,21.32,67.34,53.2,41.7,35.0,37.2
940.0,28.3,85.0,15.1,116.7,20.3,68.25,115.9,112.7,109.6,103.8
989.9,30.9,74.0,17.1,53.0,16.05,68.49,48.0,47.5,43.1,40.0
953.6,27.6,79.3,16.4,108.6,17.84,69.88,108.0,107.2,109.3,103.1
975.7,27.7,88.1,12.6,98.4,21.37,70.05,101.9,109.4,123.7,113.5
923.7,31.4,84.6,17.1,142.1,23.06,67.21,145.5,151.0,157.0,98.8
971.8,30.1,80.0,8.5,108.4,14.75,67.52,112.2,122.1,141.1,133.6
956.1,30.8,80.9,10.4,102.2,19.09,67.18,100.1,101.6,98.2,90.6
968.4,28.6,84.6,24.0,93.8,16.97,68.56,93.9,95.0,97.7,90.7
930.3,30.1,70.2,21.5,132.3,16.14,67.85,132.4,135.2,134.2,123.2
982.1,29.8,72.0,15.6,92.0,18.81,71.56,95.4,103.6,117.5,110.2
993.5,29.8,92.9,17.3,69.0,19.76,69.92,75.1,87.8,103.7,97.7
934.7,30.1,72.0,14.7,115.0,14.09,71.64,112.1,108.4,98.5,92.0
923.7,29.7,88.4,21.3,150.6,21.41,70.03,160.0,171.1,187.5,178.3
917.2,29.0,93.9,22.1,130.3,21.79,72.25,125.1,123.1,125.5,77.6
973.4,28.4,77.0,21.7,67.0,23.17,69.4,56.8,42.5,35.0,30.0
970.2,30.5,79.6,21.0,88.9,15.72,72.19,86.9,84.3,83.8,82.9
964.7,28.2,84.8,11.7,77.8,19.65,65.34,72.5,57.7,40.5,40.6
936.1,30.2,92.9,14.1,140.4,18.05,64.45,146.2,165.2,182.4,176.6
950.6,28.2,94.5,16.5,116.7,17.18,68.92,118.8,126.0,133.3,123.7
969.1,29.9,89.2,14.0,75.4,19.37,72.36,71.9,62.3,60.8,56.0
960.2,30.4,72.3,21.6,98.8,21.43,67.55,95.5,84.0,76.8,75.3
1004.9,28.1,87.4,13.9,45.0,14.22,65.8,42.5,40.0,40.8,41.1
927.4,27.5,80.7,10.5,116.6,23.21,68.43,111.6,104.1,89.5,53.1
978.3,27.8,82.2,15.2,81.6,21.69,69.51,80.8,76.7,72.3,47.0
951.8,29.8,71.3,25.6,125.5,21.14,66.68,131.1,138.5,151.0,140.2
954.0,30.9,75.0,12.1,100.7,21.22,70.08,97.5,93.5,85.2,82.7
980.3,27.4,90.6,19.0,62.3,17.7,72.29,59.2,50.5,36.8,34.9
978.0,30.4,81.8,15.8,83.5,21.14,71.62,81.2,85.7,85.3,76.2
1005.2,28.7,77.8,9.3,45.0,17.67,66.48,40.0,40.0,35.0,31.7
926.7,29.3,80.0,16.8,142.0,22.54,66.78,139.8,142.3,150.7,101.1
924.5,31.2,92.2,20.6,148.9,15.68,67.16,154.5,162.7,191.0,182.1
980.9,28.6,89.5,17.2,65.8,16.78,67.35,60.0,48.7,35.0,41.3
967.6,29.2,77.1,23.7,83.6,19.24,64.85,79.1,71.4,56.2,48.3
939.9,27.3,73.1,13.2,108.1,17.03,70.48,97.4,86.6,70.6,69.7
922.2,27.6,76.6,9.6,139.4,18.03,67.11,140.7,146.4,154.3,137.7
922.8,28.3,93.9,24.9,141.2,18.68,71.48,147.1,161.1,175.3,166.6
996.4,27.3,85.1,14.8,45.0,22.14,71.88,41.7,40.0,35.0,30.0
932.5,29.9,83.9,18.4,130.9,18.97,64.21,132.3,141.0,144.1,139.8
944.4,29.0,85.5,22.3,96.9,17.44,72.4,91.4,85.2,76.8,70.2
935.6,29.6,79.5,13.8,113.7,16.35,70.04,105.7,92.8,77.5,77.3
947.3,28.0,91.0,20.9,94.6,17.88,68.42,88.7,80.5,70.7,65.3
921.3,28.5,83.6,10.4,134.1,18.9,67.31,132.7,139.2,136.9,129.5
962.2,30.1,73.0,13.2,91.1,21.09,68.41,84.6,75.0,55.5,51.2
921.2,31.4,73.4,10.6,147.6,15.15,66.76,151.9,155.0,160.2,148.2
987.8,27.4,84.0,22.6,75.7,16.11,69.29,77.9,78.0,85.6,86.8
936.3,31.0,94.4,12.0,151.5,17.61,64.79,163.8,182.4,218.9,208.1
964.1,29.7,78.0,20.9,103.4,17.42,69.28,105.1,104.4,105.8,104.3
995.1,29.6,92.6,25.0,45.0,17.72,66.34,42.5,41.0,41.0,42.6
974.2,29.4,89.9,17.5,97.2,21.54,64.15,103.8,112.8,128.4,76.2
963.5,27.5,76.4,17.7,101.3,17.08,68.7,98.3,101.3,96.2,95.6
944.5,27.6,70.9,16.3,92.7,18.77,68.92,79.4,58.8,35.0,35.0
945.3,29.8,72.6,13.9,138.9,19.93,67.63,144.2,150.6,168.1,156.0
975.9,28.7,88.9,16.6,70.9,16.21,64.61,66.7,56.1,36.1,35.9
1005.5,31.1,75.2,18.9,49.1,20.83,71.59,51.9,56.0,68.4,61.4
975.2,28.9,79.7,25.7,99.9,19.2,69.2,107.0,117.2,135.3,134.1
965.8,27.8,83.0,24.9,72.7,18.24,64.98,67.8,55.1,35.9,36.9
981.5,30.3,88.9,23.5,97.8,21.69,68.34,105.8,120.5,139.2,86.0
957.3,28.5,72.9,24.0,97.5,16.31,68.23,93.7,82.9,72.5,73.3
920.5,29.5,80.6,16.4,142.7,22.39,64.51,147.2,152.2,158.7,92.8
966.2,30.2,82.6,19.8,115.3,19.33,69.16,119.6,129.4,143.2,133.5
1002.1,31.1,84.1,24.1,70.9,19.79,70.87,80.4,97.3,117.7,110.9
931.0,30.6,91.3,15.1,141.3,22.31,70.37,152.2,168.6,189.1,125.1
977.8,30.1,74.5,25.3,100.7,21.77,65.73,105.5,112.0,126.9,74.9
933.3,30.1,91.0,15.5,115.8,19.71,71.33,112.4,113.2,108.2,96.8
963.8,31.3,88.0,18.8,109.7,21.16,66.91,113.5,126.9,133.5,121.8
923.8,28.5,84.5,20.8,132.5,18.12,72.05,133.5,137.8,143.7,139.6
956.0,27.2,88.2,25.1,100.3,19.2,64.61,97.4,94.8,93.2,86.4
983.8,28.4,80.7,12.4,54.6,14.59,68.13,50.1,40.0,35.0,32.7
946.6,28.1,73.6,21.4,95.3,14.85,69.08,84.8,68.3,46.8,47.1
975.5,30.0,87.3,17.4,82.9,21.88,66.11,79.6,75.3,70.3,43.1
987.4,29.9,83.6,12.8,57.4,14.57,70.56,52.6,45.7,35.0,34.0
999.4,29.8,86.6,22.0,59.1,15.61,69.33,64.6,67.9,81.4,79.2
936.4,27.3,78.8,17.9,116.7,21.56,64.15,114.4,105.2,97.2,58.7
951.3,30.3,93.6,19.9,108.6,14.01,69.17,111.3,114.9,114.5,108.2
928.9,28.6,85.3,13.8,118.8,16.68,68.18,114.6,110.3,103.4,99.1
1005.3,30.1,72.2,16.7,45.0,19.55,65.67,47.1,44.6,37.7,38.9
999.4,29.6,81.7,19.1,57.4,19.66,72.46,60.0,59.0,61.8,55.9
964.1,28.7,89.7,15.3,76.6,21.38,71.63,71.6,60.8,42.6,30.0
991.6,27.8,90.6,11.6,48.1,18.81,66.49,42.9,40.0,35.0,35.6
962.4,27.6,82.9,25.3,99.4,18.84,68.6,99.0,95.6,93.2,91.8
971.7,30.8,93.3,17.2,86.9,20.89,66.69,86.1,92.3,93.4,89.5
923.1,31.1,77.0,21.2,152.0,18.74,70.59,156.2,166.5,183.7,175.4
983.7,30.0,80.7,15.4,93.6,19.78,71.91,102.5,109.3,125.9,117.6
926.6,27.6,93.4,14.4,131.5,22.53,67.05,135.6,134.3,140.4,88.8
990.2,28.9,93.3,15.3,71.5,17.81,70.85,72.0,76.8,87.9,86.5
986.2,30.3,87.8,15.4,98.6,17.66,68.24,108.5,120.4,143.0,136.1
979.5,30.6,92.3,17.8,73.4,14.03,67.37,71.6,64.3,61.8,67.4
918.3,27.7,72.3,17.8,132.9,19.83,71.98,129.2,126.6,114.3,103.1
942.6,27.2,92.5,16.9,101.4,14.28,68.34,99.1,95.2,93.2,89.1
938.9,30.3,78.3,10.4,141.2,18.79,67.97,150.0,162.6,178.6,165.6
947.8,28.7,74.6,16.9,127.2,21.64,69.72,130.3,134.8,136.3,87.6
923.0,28.3,76.2,11.0,111.4,19.22,66.22,102.3,87.8,69.8,60.8
1000.3,27.3,80.9,10.3,45.0,16.56,66.76,40.6,40.0,35.0,30.0
965.4,29.5,76.5,24.8,81.0,21.47,71.92,72.9,61.9,41.9,37.6
942.8,30.9,78.3,18.9,102.4,16.56,69.77,97.4,92.2,81.7,78.6
951.1,31.3,73.5,19.9,126.6,20.96,71.03,132.4,136.4,142.6,133.4
955.7,29.6,77.7,15.2,107.8,19.8,66.3,106.5,107.7,110.7,103.1
969.7,29.4,84.9,24.4,74.7,15.61,68.62,71.3,60.2,46.8,43.8
961.9,27.6,81.5,19.5,69.9,22.6,72.26,56.8,40.0,35.0,30.0
998.7,29.6,79.0,21.8,46.2,15.91,66.71,46.1,42.9,40.1,43.3
960.2,28.8,89.4,14.6,88.2,23.4,65.36,83.1,70.5,60.3,39.8
1005.3,29.8,93.2,25.3,45.0,14.07,68.34,41.3,40.0,35.1,32.2
992.5,28.9,89.7,22.8,68.0,16.5,67.3,71.8,77.9,83.0,86.2
934.0,28.2,78.6,23.4,117.9,15.9,65.36,114.9,103.8,95.0,92.0
999.7,27.6,89.4,11.1,45.0,14.13,71.55,40.0,40.0,35.0,30.0
925.6,28.6,74.0,12.9,116.5,20.96,72.42,108.6,99.4,85.4,82.1
989.4,27.6,73.4,13.1,80.9,20.59,68.83,83.1,86.9,87.6,85.1
949.6,28.0,79.0,12.9,110.4,21.53,70.58,107.7,108.2,109.2,65.3
994.9,31.4,91.0,23.4,78.6,16.44,71.3,86.6,102.7,128.9,118.8
994.0,29.1,76.4,8.6,73.0,18.22,69.96,75.5,82.9,89.4,85.3
988.3,29.5,71.6,9.4,57.0,20.26,64.38,47.5,40.0,35.0,32.0
986.9,31.0,73.4,12.9,100.8,18.18,65.34,109.1,118.9,137.5,135.8
942.7,31.5,92.3,11.6,137.8,20.62,64.6,149.6,161.8,188.6,181.7
922.4,29.7,86.5,12.2,143.6,20.02,64.08,147.3,156.0,171.3,160.5
951.7,30.7,76.6,22.4,113.7,15.09,66.6,113.2,112.0,112.5,108.4
930.8,28.6,84.4,18.1,120.5,21.42,67.34,122.7,122.1,115.6,114.3
978.2,28.5,83.7,8.1,93.1,20.85,66.05,93.9,100.4,107.0,96.8
946.5,28.9,87.0,15.7,126.4,20.23,64.55,133.5,136.1,153.2,142.0
1003.8,30.1,76.1,15.3,57.8,15.47,68.5,63.5,66.6,69.7,66.2
973.3,30.1,92.5,10.1,91.7,16.55,66.32,96.1,98.1,103.6,98.5
989.8,28.6,78.0,20.2,76.3,17.74,70.77,79.9,79.5,81.1,76.8
927.1,27.8,88.0,20.6,105.2,16.66,64.07,97.6,82.9,59.6,55.5
993.4,29.9,70.4,21.0,61.8,16.16,71.16,59.9,61.3,62.7,58.4
999.0,27.8,79.7,21.1,66.8,21.65,72.12,72.1,81.0,90.6,57.5
959.3,29.7,79.1,8.0,92.1,20.06,70.09,90.7,84.0,72.5,72.9
970.2,30.2,84.1,25.2,105.0,19.37,70.24,111.0,117.0,129.2,121.0
984.6,30.2,71.9,22.7,71.6,16.15,71.94,68.8,62.0,54.3,60.2
930.9,30.4,90.5,24.3,142.9,22.72,65.78,147.9,158.6,170.4,112.5
960.7,31.0,75.7,8.3,107.7,15.82,72.45,108.2,109.1,106.6,105.9
951.3,29.3,87.6,24.8,99.8,21.55,70.57,98.4,95.4,89.4,57.6
928.3,30.3,90.9,22.6,116.6,23.18,70.18,115.1,111.9,107.7,73.8
948.4,29.9,84.6,23.1,125.1,20.91,67.07,128.9,130.1,139.3,131.3
921.2,28.0,89.3,9.7,129.7,23.43,68.64,131.7,133.6,139.2,83.4
917.3,27.3,87.2,21.3,129.7,20.18,69.56,125.4,126.0,127.6,119.3
927.3,28.4,79.2,25.3,105.2,16.07,69.27,98.6,83.5,57.9,51.5
1002.6,29.1,91.0,20.2,45.0,15.94,69.99,40.0,40.0,35.0,33.7
965.0,29.9,77.7,18.3,112.7,17.08,64.7,119.9,128.7,146.2,140.0
1002.9,30.9,84.9,25.0,62.1,14.07,67.02,68.1,82.0,101.4,97.0
954.4,28.0,89.4,16.0,105.7,20.48,67.69,106.7,102.1,105.0,99.7
943.4,27.7,79.9,18.8,128.4,16.55,66.22,131.6,132.9,148.1,141.1
961.1,31.3,77.9,16.6,115.3,21.74,65.47,118.4,127.8,140.1,92.9
955.0,27.7,81.9,24.8,114.0,17.41,65.18,117.6,123.8,128.4,124.2
924.6,29.3,91.3,9.4,124.7,18.56,67.11,123.0,122.0,124.3,121.3
973.3,29.7,94.2,17.0,72.8,23.17,68.19,70.2,60.1,53.8,34.0
934.7,29.5,84.2,20.4,102.5,16.3,64.54,95.3,84.1,57.5,49.0
971.4,27.6,87.2,22.3,90.2,20.85,72.04,86.9,90.0,89.4,78.6
974.2,27.4,93.5,18.5,74.5,21.17,70.5,70.1,70.7,62.9,67.0
928.8,27.7,72.6,24.4,105.5,16.1,70.21,94.9,77.8,55.5,50.9
920.6,29.7,76.0,25.0,151.3,18.76,65.47,158.6,162.1,173.3,162.5
986.0,29.5,88.4,9.2,64.2,17.33,69.13,64.3,64.1,60.1,58.0
956.8,28.2,91.4,15.2,104.4,21.33,68.5,108.4,109.3,108.4,104.9
920.3,29.9,92.3,8.4,147.4,19.91,72.35,157.3,171.4,191.1,183.9
1005.5,30.7,80.8,13.9,48.2,18.52,70.36,50.4,56.5,70.9,73.6
920.3,27.4,72.3,17.7,146.3,21.4,68.89,147.1,146.6,146.0,143.9
978.2,29.3,81.4,24.4,72.6,16.23,71.23,68.7,63.6,50.3,45.0
1004.5,30.2,76.0,23.2,53.1,21.16,65.32,55.5,65.2,74.1,73.8
936.8,28.3,77.6,10.3,126.2,22.22,64.13,123.0,122.7,122.8,74.8
927.9,28.5,90.1,9.7,139.5,22.35,69.87,145.0,151.2,169.3,104.5
926.0,29.8,72.0,18.6,118.6,21.44,64.84,109.7,94.4,73.5,66.0
942.6,31.1,91.5,17.6,126.0,17.88,64.98,130.3,135.3,143.7,130.6
924.2,30.7,81.1,12.8,136.9,23.33,70.33,141.4,141.4,134.5,83.3
978.0,29.7,85.5,24.2,79.9,17.61,66.3,78.9,81.2,86.7,79.0
920.7,30.3,72.3,24.7,139.5,20.07,69.34,140.8,139.2,142.5,138.6
961.4,28.8,78.8,15.2,109.7,15.53,71.8,114.1,123.1,128.1,120.7
1005.7,30.0,72.3,24.0,45.0,23.31,66.69,41.0,40.0,35.0,30.0
989.1,29.2,95.0,14.9,84.2,20.69,65.85,92.1,110.9,123.9,122.5
971.0,28.0,91.0,21.3,98.1,21.16,64.91,102.6,115.9,130.1,118.4
942.9,30.2,82.0,16.6,117.9,14.62,65.11,115.6,112.8,103.8,96.0
971.8,29.6,75.8,10.2,105.8,21.25,64.53,107.4,108.3,116.9,111.6
963.0,28.7,94.3,24.7,104.2,21.36,64.74,109.6,115.9,133.5,127.9
953.8,31.1,79.0,16.2,118.1,20.38,67.67,117.4,120.3,124.8,122.4
926.9,27.3,74.2,21.2,118.8,16.77,66.73,116.5,106.1,92.2,90.6
995.7,28.6,84.6,14.6,52.5,18.65,70.01,46.0,40.1,35.0,33.6
955.9,27.4,94.5,8.3,91.1,15.05,71.4,90.1,83.2,71.6,69.1
932.7,30.5,70.1,9.8,123.8,18.48,70.67,120.5,114.1,114.5,110.0
948.5,30.2,76.2,16.9,102.6,16.32,68.51,97.4,91.8,90.1,80.5
952.7,28.6,94.4,20.4,115.1,17.32,64.87,120.0,125.0,133.9,126.7
990.3,30.1,74.4,14.0,74.1,15.54,70.03,78.0,87.5,89.4,85.8
981.8,28.9,72.9,20.5,79.0,16.19,67.08,76.6,72.4,66.7,65.0
985.0,30.5,84.8,20.6,85.0,14.73,64.73,91.1,100.5,111.2,102.4
916.0,29.2,92.4,20.7,114.3,22.74,71.16,104.5,95.4,83.0,47.0
952.9,29.0,82.4,16.9,92.0,19.04,66.87,84.4,76.5,67.7,63.5
958.8,31.2,95.9,24.5,124.9,17.77,65.86,137.3,155.4,176.1,174.1
916.7,28.3,87.7,16.8,149.2,19.08,71.41,155.2,168.2,187.8,175.5
938.6,27.7,71.9,16.1,130.2,19.97,71.67,128.9,133.2,140.8,137.8
984.2,29.7,95.8,11.6,88.5,22.76,66.88,93.9,105.5,119.6,79.7
927.5,31.4,80.6,13.5,159.7,15.7,67.02,166.4,180.5,196.6,186.9
963.7,28.8,77.5,8.8,95.8,16.81,68.93,93.1,88.9,83.7,77.1
934.6,27.5,84.5,19.4,98.9,23.27,70.23,90.3,74.6,51.0,33.4
916.1,28.7,77.9,12.5,124.0,17.53,64.54,118.8,109.5,100.3,95.9
936.9,29.4,72.2,13.5,133.5,14.21,69.04,135.6,140.0,141.0,130.9
1003.8,27.9,70.0,21.9,45.0,15.4,72.1,44.3,40.1,35.0,30.9
987.9,30.0,81.7,13.9,74.7,14.25,66.23,76.2,77.9,79.3,76.9
1002.3,31.5,91.8,12.4,45.0,23.4,71.73,46.2,46.3,45.0,31.2
959.4,29.1,84.9,11.0,90.0,16.65,72.08,87.1,78.7,66.2,61.8
925.0,28.7,96.0,21.9,110.9,22.77,66.29,105.6,96.3,89.3,55.1
964.9,28.9,77.5,10.3,98.1,23.46,70.41,94.0,91.9,82.7,53.6
956.3,27.7,77.3,16.2,89.9,19.7,66.03,85.6,74.2,56.7,53.3
991.8,31.0,74.2,17.1,84.4,14.32,70.27,91.3,102.9,116.1,109.3
923.9,29.0,74.3,20.4,133.0,14.78,70.78,130.1,127.7,120.0,111.3
959.4,28.9,77.4,19.4,105.9,18.58,66.1,106.6,107.8,109.6,101.4
928.7,30.0,90.6,22.6,132.0,17.86,70.08,134.3,141.7,143.1,145.2
944.5,29.1,93.5,8.8,107.5,19.76,70.9,108.6,107.9,102.6,96.8
982.1,30.0,95.4,13.3,96.5,18.17,67.05,105.0,121.9,145.0,142.5
958.3,27.5,76.0,13.0,118.1,22.87,65.43,121.8,125.0,131.6,87.5
949.2,30.7,92.9,10.6,140.8,19.08,64.78,153.3,173.6,201.5,190.7
950.9,31.2,78.5,13.2,136.6,20.59,68.89,146.7,162.0,183.2,175.3
956.8,30.0,72.9,13.6,133.4,22.52,72.31,140.0,146.7,162.0,100.8
986.4,31.3,92.6,17.4,96.9,15.4,71.0,107.1,123.1,147.0,134.0
996.2,27.9,86.5,19.9,63.8,16.18,67.7,68.0,74.0,81.1,71.6
1001.9,29.3,74.3,14.9,57.3,15.02,68.56,59.0,61.7,67.8,64.5
986.6,29.8,81.2,21.0,53.8,15.33,66.38,47.7,40.0,35.0,31.8
943.7,29.7,77.5,14.1,125.0,18.87,65.39,125.9,129.8,136.6,136.4
977.6,28.9,89.2,13.2,95.9,17.05,68.1,100.6,107.3,111.8,105.4
954.8,28.7,81.8,17.7,103.3,18.02,67.94,100.9,98.0,94.7,96.8
938.2,27.7,95.7,8.4,100.5,23.33,68.44,93.6,88.8,69.8,41.6
991.5,28.9,71.4,9.4,55.4,15.49,72.1,51.4,44.6,35.0,39.9
918.5,27.9,79.2,15.5,141.6,19.14,69.13,139.2,143.5,138.7,133.5
997.1,30.4,82.5,25.0,49.9,14.94,69.15,50.7,50.1,51.5,50.9
957.0,28.1,83.1,21.0,91.9,17.03,65.09,87.0,78.1,68.0,62.8
973.0,27.5,78.2,9.6,73.0,19.01,72.47,62.6,47.6,36.1,36.3
975.0,29.6,89.0,23.2,83.2,22.99,70.57,81.4,77.8,69.2,48.8
996.5,29.8,92.7,21.2,45.0,17.72,71.46,42.4,40.0,36.5,34.2
972.9,30.9,94.4,19.0,80.7,14.62,67.52,80.7,75.6,74.1,69.2
970.9,29.7,90.9,22.8,91.4,17.69,68.27,91.8,96.9,97.1,91.3
921.1,28.7,92.1,15.3,137.6,15.38,68.44,140.4,137.2,144.2,142.7
962.2,30.7,84.3,12.0,98.6,16.18,65.65,98.6,102.8,102.4,100.3
928.7,29.5,91.5,17.2,116.7,19.87,69.86,113.9,112.6,108.5,108.1
982.1,27.5,77.9,17.9,94.3,14.64,71.68,98.2,105.3,109.7,105.3
961.6,29.6,80.4,17.7,76.1,18.41,65.39,70.6,55.4,35.3,33.7
976.9,31.1,78.2,18.2,102.5,19.79,64.73,107.8,114.2,133.9,128.7
918.8,28.9,82.2,25.1,138.4,18.01,70.27,137.1,134.9,139.8,136.5
922.7,28.5,77.4,24.2,116.6,14.18,66.32,107.6,96.3,77.0,72.3
980.2,27.8,95.0,23.8,86.1,23.36,69.3,89.2,95.5,93.5,62.7
921.6,27.9,78.1,22.4,127.0,17.49,69.91,126.6,118.9,111.0,106.7
921.5,29.1,72.5,25.0,145.0,21.4,66.74,149.0,157.2,164.7,148.1
916.1,29.8,83.7,9.8,141.9,17.09,70.93,142.1,150.7,155.3,150.6
1002.0,27.5,71.5,12.8,55.1,18.51,68.67,53.8,52.8,53.7,46.5
982.1,31.2,72.9,16.9,89.6,17.69,71.39,93.4,98.9,104.6,102.4
947.1,30.4,75.7,23.2,123.3,17.25,70.49,124.0,123.5,132.3,128.9
942.0,29.7,82.1,17.1,97.4,14.21,71.38,89.3,76.8,55.6,54.0
946.8,30.8,81.3,21.5,101.6,17.42,64.17,98.7,91.3,83.3,81.0
985.5,27.5,90.8,10.5,79.9,22.45,66.07,83.0,90.9,107.3,70.4
975.2,29.3,89.2,12.5,76.1,20.56,64.77,75.5,70.2,60.8,56.0
931.9,29.9,81.1,21.2,142.1,15.38,67.76,151.4,162.4,176.0,170.0
930.8,30.8,78.7,11.0,147.5,19.62,71.56,154.4,167.0,188.9,183.5
924.0,30.6,78.2,14.3,152.8,22.48,67.97,158.0,168.6,180.5,118.1
975.1,28.4,90.1,12.8,59.9,20.65,71.22,52.3,41.8,35.0,30.0
984.6,31.2,71.4,14.3,69.9,15.41,66.78,62.4,47.6,38.5,38.0
939.1,27.7,70.3,20.7,120.5,22.24,66.89,120.3,119.5,121.5,72.0
916.9,31.0,90.7,14.6,155.3,16.86,71.61,163.7,179.5,209.0,195.0
922.5,31.4,82.4,18.0,151.8,18.31,67.62,159.3,169.2,186.6,178.5
1003.1,28.0,73.4,9.8,45.0,19.0,70.71,43.4,40.0,35.0,33.5
941.9,30.3,76.1,22.5,116.2,22.08,66.01,116.9,114.4,112.7,73.9
985.0,27.4,94.2,14.7,74.5,22.85,72.06,78.3,81.9,88.6,53.7
971.8,28.9,92.3,19.7,75.1,22.83,68.88,68.8,64.3,57.2,35.0
949.8,29.4,88.5,21.1,118.4,14.08,70.45,123.0,129.8,139.2,132.9
933.7,29.7,82.5,11.8,113.6,22.76,64.76,111.0,95.6,77.9,45.3
926.0,31.2,83.5,23.9,131.9,14.52,68.19,127.2,130.3,133.3,124.1
971.0,30.1,95.4,19.1,99.3,16.52,71.66,104.8,111.2,116.1,114.2
985.5,29.3,95.1,15.7,62.5,18.89,71.45,60.0,61.8,53.5,48.9
973.6,30.7,75.6,11.3,83.2,18.56,64.4,77.8,68.0,58.1,59.3
963.3,31.3,91.1,25.0,108.2,19.74,66.58,117.2,127.3,136.8,132.0
918.8,27.3,75.1,21.6,132.5,18.55,67.77,133.3,128.8,126.2,114.5
1003.1,31.4,75.6,11.7,45.0,22.88,65.46,42.0,40.0,35.0,30.0
987.7,27.6,87.6,14.1,74.9,16.29,70.2,77.2,76.5,86.3,83.8
941.6,30.7,80.5,22.6,146.6,16.6,65.57,153.2,164.8,180.1,172.6
1004.2,28.4,94.2,20.5,45.0,22.75,66.95,46.5,50.1,51.4,31.4
969.8,27.8,72.3,21.8,71.9,14.73,69.64,64.6,47.3,35.0,30.0
968.0,29.1,83.3,15.9,80.4,19.79,68.1,75.4,72.0,70.2,71.4
983.1,30.0,93.9,20.9,59.5,20.48,70.28,55.8,49.2,41.9,39.4
988.9,28.8,93.5,15.0,63.5,18.8,72.17,69.2,67.7,61.2,55.0
974.7,27.4,74.1,11.8,91.5,20.6,64.99,94.7,98.4,105.1,101.5
926.7,29.8,79.5,19.4,129.0,15.64,70.03,129.8,132.2,128.2,119.2
945.8,31.1,86.1,25.6,106.9,22.1,65.96,103.5,103.3,101.7,59.7
999.5,28.8,74.1,13.6,67.0,15.33,67.52,69.2,78.6,89.5,83.7
935.4,28.1,95.2,16.3,132.7,17.81,64.28,137.8,150.9,154.3,144.3
948.9,29.1,93.8,20.1,126.4,14.71,65.16,133.3,145.1,166.3,154.8
954.3,27.4,74.3,17.7,99.0,19.18,66.72,95.8,88.5,72.2,71.4
955.0,30.7,73.2,23.2,97.8,20.36,66.91,95.1,82.1,74.1,70.0
970.8,30.8,72.2,21.7,91.7,22.94,71.65,88.5,86.0,83.4,56.1
1000.8,29.7,93.6,9.0,45.0,21.02,70.31,43.7,40.0,35.0,30.3
936.9,28.7,75.0,26.0,138.4,19.14,72.26,142.3,152.4,167.0,152.6
926.1,30.6,80.8,21.5,122.1,22.86,69.09,122.5,118.7,110.1,68.8
933.0,29.6,81.7,23.6,112.9,18.55,66.05,108.7,102.9,85.8,88.0
995.7,30.8,85.6,19.7,76.3,19.33,66.79,82.7,92.5,105.9,102.4
973.8,29.9,71.9,23.4,70.9,19.66,66.72,65.3,53.4,37.9,47.3
941.0,30.6,75.9,10.0,135.1,17.89,66.78,141.1,147.5,151.7,145.3
989.3,29.8,94.2,14.3,54.8,21.97,69.72,52.7,47.5,45.7,30.0
993.4,29.0,93.6,23.8,46.3,15.76,68.51,41.8,40.0,35.0,30.0
992.0,31.3,90.3,11.6,57.5,19.27,67.28,59.1,64.6,63.0,61.3
998.6,29.5,70.5,9.4,51.8,20.86,65.27,47.4,42.2,35.0,33.8
938.0,29.8,78.5,22.2,136.4,22.59,64.19,142.1,151.8,170.6,104.4
983.7,28.1,86.3,23.0,67.2,22.4,65.86,63.4,60.7,54.4,33.2
956.9,29.9,77.2,10.9,117.1,18.83,64.91,115.7,114.4,114.3,108.3
991.6,29.7,93.6,23.4,53.4,20.11,70.68,51.7,47.6,44.8,41.9
981.3,28.0,86.5,20.4,60.0,17.75,64.96,57.0,52.7,42.4,47.6
985.7,27.5,71.9,17.4,47.6,18.45,70.16,40.0,40.0,35.0,32.0
974.7,29.8,93.6,22.9,104.8,22.61,67.28,114.3,136.4,159.0,99.1
931.1,30.5,94.9,15.5,122.1,22.84,64.62,124.7,127.0,126.6,77.1
964.6,29.5,72.0,11.5,78.2,22.51,70.91,68.9,56.3,35.0,30.0
1004.6,28.2,83.8,13.1,45.0,15.31,68.93,40.0,40.0,35.0,33.9
1000.3,30.1,77.9,17.1,70.8,22.08,66.0,72.5,79.2,97.4,59.4
918.9,27.5,80.2,17.6,143.5,23.01,71.6,144.1,147.9,159.0,91.8
930.0,29.1,74.7,22.5,146.9,17.43,64.38,153.4,165.9,181.5,173.3
927.0,27.9,85.0,22.2,115.6,18.93,65.72,110.6,102.6,95.4,89.5
981.1,28.0,94.9,18.5,74.1,21.4,70.39,73.1,72.9,63.3,59.9
989.4,28.1,83.1,22.1,45.0,19.34,70.03,40.0,40.0,35.0,30.0
934.4,28.9,72.2,11.5,125.4,23.44,66.46,122.1,116.7,114.1,75.8
961.0,27.4,86.1,8.9,97.5,18.33,64.53,98.3,103.6,108.6,106.1
991.5,28.9,78.8,23.7,57.5,20.78,71.29,55.2,49.8,45.0,47.8
981.7,29.4,92.3,9.4,64.4,21.53,66.67,59.8,53.3,48.1,33.8
964.3,29.3,81.3,12.4,84.4,18.69,65.66,80.0,72.5,49.1,48.8
968.7,28.8,75.0,20.5,75.5,22.14,68.39,68.4,60.8,44.1,30.0
961.3,30.8,75.0,15.4,110.0,19.19,71.74,111.2,116.9,119.4,119.8
942.1,27.8,90.0,23.8,105.7,17.91,64.37,106.4,99.6,93.0,85.1
966.4,29.4,76.9,13.4,80.8,15.02,70.51,75.4,64.2,47.2,43.9
977.7,27.5,89.9,8.2,75.3,17.74,68.87,75.3,73.6,68.6,67.6
994.5,27.5,75.4,13.4,63.4,20.97,67.62,65.7,67.4,68.8,68.0
972.9,29.7,78.4,18.4,105.4,22.75,70.32,108.7,114.7,123.9,78.8
984.3,29.6,82.1,14.8,97.9,16.39,72.21,107.7,120.8,139.7,131.3
929.6,31.0,94.5,17.6,126.6,17.37,65.95,127.1,130.2,127.7,119.2
957.0,29.6,94.2,23.8,113.8,15.46,65.22,120.9,137.9,154.3,155.5
915.8,31.3,75.4,24.4,157.0,20.56,71.76,161.9,173.2,189.1,179.6
937.4,27.4,79.3,12.8,117.3,23.12,69.69,115.4,109.8,103.0,63.3
981.1,27.6,73.9,16.3,70.8,20.09,67.72,67.1,57.7,49.8,44.8
1005.3,27.4,83.3,17.9,45.0,19.86,68.87,43.9,40.0,40.1,38.9
924.0,28.0,82.0,25.1,116.6,19.26,70.34,110.8,104.3,91.3,87.4
951.5,29.5,93.4,26.0,127.6,14.84,70.57,137.5,154.4,187.5,178.0
987.8,30.0,94.2,12.2,86.5,20.93,71.82,94.4,108.8,134.5,129.1
933.6,27.4,80.0,21.1,119.3,19.72,67.63,115.1,108.3,95.7,97.1
965.5,31.3,82.8,14.8,111.2,20.28,66.49,116.6,125.7,141.8,132.6
981.7,30.8,93.3,8.1,96.9,22.54,69.44,104.9,117.4,135.1,83.9
971.1,28.5,91.0,8.2,105.4,21.45,67.53,112.5,121.3,133.7,124.8
932.1,27.5,70.1,16.3,102.5,21.42,69.05,90.9,69.2,38.1,37.2
947.3,27.9,78.3,16.8,99.6,22.81,67.57,95.3,79.7,69.3,41.0
986.3,27.7,81.0,8.4,82.8,23.4,65.3,85.0,92.9,96.9,58.2
965.4,27.7,76.0,20.4,102.9,19.52,67.99,104.2,109.8,115.5,104.6
915.5,29.4,75.2,13.3,119.1,15.03,69.87,108.3,95.6,71.8,68.6
984.3,28.3,71.0,18.1,62.8,18.36,70.79,58.0,50.7,35.0,34.8
918.2,28.7,86.7,13.4,138.5,21.48,68.19,139.4,137.4,139.1,138.6
982.9,31.5,76.8,11.0,76.9,14.26,65.4,76.5,70.4,70.2,68.3
933.4,30.1,71.4,15.3,114.9,14.54,67.52,112.2,105.6,84.0,78.2
1002.2,31.3,76.0,12.2,45.0,14.64,70.68,41.8,40.0,35.0,30.0
948.5,27.8,90.8,17.6,103.9,20.94,67.51,100.8,94.8,90.1,81.3
944.8,28.8,92.1,11.6,111.3,18.76,69.92,113.3,117.4,127.5,116.6
928.5,29.6,82.6,17.2,150.9,17.5,68.31,158.9,170.1,200.0,196.5
942.8,27.5,80.8,10.8,93.5,15.0,66.05,83.6,65.5,40.9,39.8
994.8,27.2,95.4,20.1,47.5,20.96,70.77,47.5,42.2,35.0,31.2
1005.7,30.1,75.2,21.6,55.3,17.05,64.72,54.9,54.8,65.3,58.6
948.5,30.0,75.6,10.0,96.1,16.52,68.46,91.6,79.1,62.4,56.3
955.8,29.0,77.6,16.4,83.7,20.2,65.78,77.4,62.7,52.0,47.2
980.7,29.3,74.5,9.3,59.2,19.31,64.57,51.3,40.0,35.0,37.9
995.6,29.0,79.9,18.8,45.0,17.44,68.27,40.0,40.0,35.0,33.1
969.0,27.3,93.7,12.8,61.9,20.09,68.25,55.6,43.1,35.0,30.0
950.6,28.6,86.0,17.5,117.5,16.58,70.01,118.8,116.9,127.3,129.0
952.5,28.0,80.7,17.3,87.4,21.55,70.33,78.9,63.9,46.4,30.0
978.3,27.6,94.3,24.6,57.4,16.18,70.19,51.7,44.2,35.0,31.2
915.3,31.3,71.3,17.9,156.0,15.51,67.48,161.6,168.9,174.6,170.5
971.4,29.8,75.5,18.5,105.4,21.43,69.37,111.7,122.7,139.5,134.0
947.3,30.3,84.7,15.2,98.5,20.72,68.9,94.9,81.3,69.2,64.1
987.3,28.6,86.0,25.1,74.1,15.74,67.58,77.9,83.7,88.8,80.0
923.5,28.9,71.0,22.0,117.9,15.1,69.08,110.1,94.4,71.8,64.8
968.5,28.2,80.5,13.1,112.6,21.96,72.05,118.3,124.5,133.5,79.6
958.8,27.6,86.9,23.2,116.7,21.38,65.64,119.7,130.7,144.1,136.9
973.5,28.0,88.1,15.8,79.6,17.11,71.7,77.5,79.5,70.6,67.8
920.9,30.6,86.6,22.9,153.7,20.25,64.45,161.7,175.4,194.3,184.1
967.8,30.1,78.3,22.8,93.4,15.18,66.62,92.5,94.2,84.1,79.8
966.1,29.6,72.4,11.4,94.0,18.82,66.45,92.7,92.0,77.5,70.0
966.0,29.2,81.1,20.6,115.8,14.18,69.32,120.5,127.6,148.7,142.3
969.9,31.2,73.3,13.2,111.7,17.72,65.12,119.3,129.8,141.1,138.5
976.6,27.5,94.6,13.4,76.5,14.71,71.5,75.3,75.6,74.7,70.4
988.3,28.4,82.4,13.3,76.3,18.51,71.04,81.2,91.9,103.7,97.9
939.6,28.7,78.2,21.1,109.5,18.01,69.54,102.8,95.7,88.1,84.0
990.1,30.6,89.9,12.1,71.6,18.22,67.9,79.0,85.8,90.3,89.7
960.3,31.5,82.9,8.0,126.8,14.43,71.93,133.3,151.1,169.9,158.3
922.0,28.2,78.1,20.9,129.2,17.44,71.06,129.9,122.4,112.9,112.4
920.3,31.0,91.1,11.1,156.4,21.19,68.24,165.7,183.0,211.0,202.0
945.4,30.8,92.5,9.9,134.7,17.5,69.97,143.4,156.4,185.8,176.6
986.4,28.2,87.5,12.3,77.8,20.79,68.82,80.8,80.7,83.0,83.1
979.4,28.9,71.2,14.8,63.2,17.51,69.0,53.9,42.7,35.0,30.0
986.8,29.0,84.7,16.6,49.2,18.02,66.81,42.5,40.0,35.0,35.1
962.1,31.4,89.8,8.8,95.7,19.36,67.93,94.1,94.9,95.5,92.2
955.1,28.0,73.5,25.5,110.0,23.03,64.66,107.3,104.3,95.7,56.1
928.4,30.6,75.9,20.9,145.2,15.03,67.04,150.1,153.3,162.8,156.3
944.9,28.6,92.9,13.8,108.3,14.31,69.91,106.6,103.2,102.7,98.5
954.5,30.3,70.5,13.7,98.9,19.78,72.1,93.6,84.4,73.5,69.2
923.1,29.0,89.6,16.1,110.2,23.02,72.19,101.2,89.6,75.1,49.6
935.1,29.7,82.3,19.3,143.5,23.4,68.72,148.4,161.0,171.1,104.1
969.4,30.8,81.6,10.6,118.1,18.6,69.16,129.0,146.3,163.7,156.5
981.9,30.7,70.2,11.4,77.3,18.45,65.58,72.6,62.9,57.1,53.8
1005.8,30.9,91.3,23.5,45.0,20.13,69.91,42.8,40.0,43.2,38.9
999.9,27.5,79.4,12.6,45.0,19.28,64.6,40.0,40.0,35.0,35.0
973.5,30.2,84.1,14.8,84.4,20.02,66.42,82.6,73.7,72.9,68.6
953.3,27.8,87.6,23.7,84.7,22.3,69.68,80.5,68.3,51.2,30.0
972.9,29.0,88.3,19.9,85.2,21.09,66.64,85.1,84.8,88.6,77.9
986.5,29.6,94.9,14.2,52.5,18.72,64.42,49.5,43.2,35.0,36.0
925.8,28.9,83.8,20.3,111.5,18.39,71.07,105.8,97.4,76.3,68.2
952.3,29.4,80.4,8.4,98.2,20.08,66.64,94.5,85.7,69.7,67.2
991.4,31.5,94.8,21.2,78.7,18.33,64.54,87.4,99.9,127.8,121.6
949.9,27.8,86.7,16.8,118.7,18.35,64.64,121.0,127.0,135.4,127.4
967.0,30.1,77.8,22.6,100.2,14.15,66.14,103.3,105.5,106.2,107.8
968.5,28.9,73.3,25.2,93.3,15.65,65.51,91.3,89.2,86.3,82.6
931.8,27.8,91.9,24.7,101.8,18.64,70.58,94.6,85.9,65.0,64.4
948.0,27.9,79.4,24.4,123.0,21.82,66.73,124.7,129.1,143.8,90.2
945.4,31.3,87.2,17.2,131.4,16.65,70.84,135.6,147.5,167.3,158.1
917.4,31.0,82.2,14.5,131.6,18.97,65.48,131.8,130.0,129.9,123.3
917.2,31.1,75.2,16.4,161.4,17.28,68.19,164.4,174.4,185.0,180.9
990.7,31.5,85.6,20.4,78.1,15.0,69.85,84.5,93.5,112.3,110.5
939.8,28.1,71.6,23.9,115.1,23.1,69.54,112.4,112.2,104.9,71.9
962.1,28.7,80.7,11.7,92.1,22.12,69.11,93.0,93.3,80.2,50.5
942.2,30.1,84.2,24.5,134.4,14.75,71.86,137.4,152.4,164.1,152.8
1000.6,29.3,81.3,22.7,45.0,20.84,65.94,40.0,40.0,35.0,31.7
938.6,29.0,89.5,25.6,125.8,17.3,68.2,126.9,125.2,123.4,113.1
954.1,28.7,91.5,23.8,88.0,23.45,71.51,82.2,69.6,56.4,37.6
994.4,29.8,90.1,13.0,64.6,16.87,64.66,65.9,70.3,74.5,68.7
991.6,29.7,71.0,9.9,72.6,16.27,64.48,74.0,68.9,74.2,59.8
931.9,27.9,75.0,10.0,136.0,19.39,65.98,135.2,136.1,146.4,147.7
988.0,29.2,84.0,13.2,88.0,21.93,69.38,95.9,111.8,128.9,77.9
956.7,29.6,94.3,19.1,104.7,15.83,66.21,102.4,108.4,104.1,96.9
959.0,29.7,91.7,22.5,119.6,20.74,65.62,127.4,138.9,156.9,154.9
927.1,28.1,91.9,24.2,131.1,14.58,67.9,131.2,132.0,139.7,128.5
922.3,30.4,77.9,19.2,130.4,22.73,69.22,131.6,132.2,130.4,84.8
981.2,27.3,81.2,8.1,73.6,14.77,66.11,76.4,78.6,84.0,77.7
960.2,28.7,82.2,11.4,111.6,22.69,66.56,114.6,119.1,129.7,75.8
954.8,30.6,74.1,9.8,101.7,18.66,69.22,100.5,93.7,77.2,79.3
981.4,29.6,70.8,14.5,62.0,18.26,72.04,53.2,40.0,35.0,36.5
984.7,28.3,94.6,17.0,89.3,23.25,69.74,93.9,100.6,117.2,75.9
929.5,30.2,76.3,8.8,146.2,23.41,70.65,154.4,162.3,179.2,112.4
970.5,29.6,76.2,14.3,72.3,20.18,67.12,65.7,52.4,41.4,41.5
927.3,30.6,72.2,11.2,147.5,15.21,66.31,154.3,162.0,182.3,168.8
983.4,30.4,94.1,19.6,60.4,18.81,67.86,58.2,54.4,47.9,45.9
974.8,29.8,85.1,16.4,111.0,19.03,70.86,119.9,135.1,158.2,147.0
1002.1,29.3,87.3,16.9,45.0,18.89,67.88,40.1,40.0,35.0,30.0
921.3,27.8,93.7,15.7,134.9,19.41,71.2,134.8,136.3,136.0,130.6
920.2,28.3,79.0,25.2,113.4,14.18,72.4,104.2,84.1,62.9,63.8
940.7,29.0,86.2,11.9,122.2,20.76,64.61,126.0,131.8,139.8,131.4
938.8,29.8,71.0,17.3,117.4,20.77,64.39,113.4,105.3,91.3,86.0
937.5,29.4,74.9,21.2,142.7,15.1,65.27,149.1,154.5,171.4,158.8
997.5,28.4,91.6,18.0,61.0,19.42,67.27,65.6,68.5,81.9,77.9
937.7,27.2,89.9,24.7,98.3,19.4,65.11,90.7,79.7,59.4,59.0
939.7,29.3,79.1,14.8,118.1,20.48,71.4,114.6,117.1,119.7,116.5
984.1,28.4,79.8,16.3,48.3,14.81,64.2,40.0,40.0,35.0,35.2
955.9,30.4,83.9,9.6,113.5,19.95,66.68,115.4,116.9,120.6,112.4
985.7,27.3,70.0,19.0,50.6,16.67,65.57,40.2,40.0,35.0,31.0
920.9,29.7,76.3,13.2,141.7,18.82,71.92,140.5,141.1,141.2,136.9
959.4,31.2,75.4,10.9,90.4,21.35,69.69,83.9,69.0,63.5,63.2
918.1,27.9,76.5,17.8,112.5,20.7,71.75,104.3,89.3,61.3,57.6
920.7,29.2,91.0,17.6,138.3,15.13,72.26,142.3,154.5,156.6,147.3
997.5,27.6,77.3,9.4,45.0,19.62,68.23,40.0,40.0,35.0,37.3
927.7,29.9,75.0,20.6,113.3,23.21,65.99,107.7,94.8,84.1,50.9
963.5,29.6,83.1,19.2,110.5,15.49,65.65,117.6,117.2,124.7,121.0
952.4,29.0,92.5,11.4,101.3,22.1,65.89,101.1,99.6,92.5,56.9
946.6,29.4,76.3,16.4,132.3,20.67,70.02,138.5,149.8,163.3,151.5
996.9,31.1,72.0,21.0,47.8,21.35,64.34,42.3,40.0,35.0,38.9
917.0,28.0,79.3,17.5,144.6,16.68,64.44,148.5,155.7,161.9,154.2
975.4,27.3,89.4,15.1,93.6,16.73,69.17,102.0,111.3,120.1,111.6
1002.7,30.9,84.3,13.8,54.1,22.61,69.46,56.8,68.5,80.5,45.1
966.0,29.7,91.2,19.0,94.3,17.42,69.65,93.1,97.8,94.4,85.1
1000.3,31.0,94.9,24.9,45.0,14.6,67.16,44.9,43.1,47.4,43.7
919.8,29.8,90.6,20.1,119.2,19.71,70.85,115.9,107.9,95.2,97.2
953.1,30.7,85.7,9.3,115.9,15.19,68.54,119.2,122.5,134.0,125.3
938.7,29.0,82.8,16.3,136.0,21.57,64.9,140.0,149.2,167.4,108.9
981.5,30.4,71.0,24.0,72.4,20.1,70.78,68.1,61.4,46.8,44.0
1004.3,31.1,95.6,9.7,45.0,22.31,72.1,50.2,56.8,70.3,39.5
938.3,29.7,80.0,25.8,123.2,21.46,64.51,123.1,128.0,124.0,116.2
974.5,28.0,74.0,25.1,93.7,15.07,67.33,93.8,91.2,83.2,74.6
933.0,28.4,87.3,9.4,118.3,17.62,68.14,119.6,115.6,121.4,112.3
966.4,28.1,77.4,24.8,95.8,21.36,65.25,95.5,91.9,94.6,86.7
957.2,28.3,85.2,14.5,88.4,17.96,71.38,83.3,76.7,72.6,62.3
1003.5,28.5,85.3,23.2,45.0,23.24,66.42,44.9,40.0,35.0,30.0
970.4,29.6,81.6,15.5,76.2,20.99,70.66,69.2,59.7,46.9,45.3
946.8,29.7,91.7,15.9,114.2,14.15,69.7,114.0,120.2,126.1,117.4
925.4,29.0,76.9,19.4,135.7,22.36,69.08,137.4,141.9,147.2,92.1
928.8,29.8,81.7,21.9,118.6,14.96,65.63,113.1,105.2,91.0,83.6
935.5,27.6,84.0,8.6,114.6,15.33,65.88,109.7,103.7,91.6,77.7
937.8,27.6,87.3,18.7,122.4,20.98,64.4,127.9,128.8,135.1,138.7
992.4,27.9,90.4,11.4,46.7,22.22,66.05,47.9,41.0,35.0,30.0
966.1,29.4,80.3,14.2,99.4,19.1,66.94,100.4,102.7,102.5,95.3
962.6,28.1,86.8,14.3,79.5,16.75,71.08,73.3,63.6,49.8,40.6
925.4,28.4,73.9,16.4,135.0,17.34,67.11,132.3,130.9,124.5,113.1
993.3,28.9,94.2,14.0,52.3,17.26,70.41,52.4,49.3,48.3,51.7
980.8,30.7,80.0,9.9,96.8,17.1,67.74,106.6,122.8,139.3,137.6
921.2,27.3,89.0,10.6,127.5,16.31,70.67,123.5,126.8,122.8,119.3
979.4,30.0,70.5,8.6,64.0,19.78,72.3,56.6,45.0,35.0,30.0
964.5,30.1,75.3,16.5,88.6,22.55,66.04,81.5,77.0,62.1,43.8
922.4,30.6,82.7,25.2,148.7,16.92,71.33,158.8,167.5,181.8,174.3
956.7,31.2,92.8,10.1,121.3,15.77,69.29,130.0,140.0,156.9,151.4
959.1,27.3,83.7,25.0,99.0,21.97,70.95,96.9,97.2,94.8,60.3
930.1,27.9,94.2,21.2,112.0,21.05,69.54,109.0,101.1,102.0,91.6
1001.1,31.0,82.6,19.5,45.1,22.84,67.6,43.3,40.5,35.0,30.0
992.3,29.2,82.8,19.6,54.5,15.57,65.94,51.4,47.0,42.4,38.5
975.9,29.6,73.1,22.9,88.0,15.37,64.6,88.4,89.9,89.2,87.0
957.1,30.1,90.9,9.9,96.3,19.14,68.55,92.2,88.1,89.4,80.1
952.5,30.1,76.4,17.1,113.2,19.84,72.42,117.5,117.2,132.0,124.8
974.2,31.2,93.4,20.5,111.8,18.56,70.27,125.0,143.0,173.8,164.5
964.6,31.5,93.7,18.6,104.3,19.69,66.78,107.1,111.3,125.6,122.1
920.7,30.3,94.5,23.0,120.1,15.71,71.03,117.2,111.6,99.0,96.4
961.6,28.4,83.5,9.3,82.9,18.56,70.54,80.4,71.0,52.5,46.3
988.4,31.0,87.6,20.4,71.7,20.25,66.39,76.2,79.8,86.8,87.5
956.8,27.4,90.2,17.6,90.9,18.11,64.12,86.3,80.1,63.8,56.5
919.7,28.2,73.4,14.8,118.6,20.45,65.0,110.2,91.5,69.9,70.2
986.6,31.1,85.6,14.1,82.7,18.29,71.46,92.3,97.2,98.9,92.1
933.3,28.3,70.9,19.2,125.5,17.17,71.11,124.3,119.9,121.2,115.7
938.5,28.1,82.9,24.0,94.0,16.88,66.51,84.0,64.7,41.7,40.4
930.0,27.8,74.0,16.9,104.7,17.9,66.42,95.6,81.0,58.6,56.3
945.0,30.9,74.8,22.8,134.2,14.22,70.74,138.2,146.6,152.2,146.9
983.9,29.4,79.5,15.2,75.9,20.35,71.97,74.8,76.9,69.0,66.9
962.3,30.1,81.2,9.8,108.4,22.03,70.62,111.3,114.1,124.1,79.7
933.6,28.2,86.2,9.1,132.9,17.37,69.15,134.6,138.8,153.8,147.7
994.9,30.5,71.9,8.9,46.1,14.44,66.06,40.0,40.0,35.0,30.0
995.0,30.5,83.1,14.8,69.6,23.37,68.47,74.1,81.2,91.6,57.7
994.2,28.5,74.7,14.1,45.0,16.51,65.98,40.0,40.0,35.0,31.3
936.7,29.0,84.9,20.9,131.3,15.2,70.87,137.2,149.2,160.7,148.8
956.1,28.1,86.6,21.4,102.4,17.51,67.29,96.7,93.3,91.4,85.8
1004.6,31.4,84.5,8.9,70.0,21.02,71.09,77.3,94.0,121.7,116.2
985.3,30.0,89.2,12.0,67.5,16.79,67.24,64.8,60.8,61.8,59.6
917.5,31.2,78.7,12.9,142.9,19.46,71.01,144.4,141.7,146.2,142.6
920.9,28.5,89.9,17.9,126.4,17.95,66.83,126.9,125.5,120.9,119.4
957.2,30.6,81.3,10.6,132.7,15.12,67.74,140.9,154.1,170.9,163.5
997.7,30.5,82.6,10.4,70.9,17.14,69.23,76.4,87.7,100.3,97.1
964.0,30.2,86.9,25.0,120.0,20.89,64.6,129.2,148.0,171.2,163.0
960.3,31.4,70.5,22.5,114.8,19.81,72.06,117.2,122.7,126.4,122.7
924.6,28.9,87.0,11.3,122.1,15.14,68.88,120.5,110.8,110.7,106.8
974.8,27.8,86.1,15.3,74.1,15.55,68.32,69.0,65.5,57.2,54.2
989.8,30.1,78.1,14.4,69.0,20.09,71.13,67.7,65.9,59.3,63.9
949.6,30.3,72.2,22.2,107.0,21.73,71.36,105.6,101.7,94.6,56.7
985.6,29.7,72.4,17.2,82.7,17.32,68.44,83.1,87.4,94.7,95.1
1002.8,28.1,94.0,10.3,45.0,19.66,71.88,49.0,57.4,66.4,58.3
933.5,29.4,87.9,21.3,137.2,15.62,64.55,143.6,151.3,172.8,167.0
962.6,28.5,73.3,15.1,80.4,16.96,64.96,74.4,60.1,35.2,38.4
941.1,29.0,79.3,12.7,115.8,14.19,69.07,110.1,109.4,100.1,88.4
987.1,30.0,85.4,14.8,87.3,21.3,67.01,93.2,101.1,115.3,110.1
967.6,30.4,91.7,17.0,109.6,17.81,67.95,116.2,129.6,146.0,141.2
972.7,28.2,71.1,14.2,71.4,21.75,66.79,63.6,40.6,35.0,30.0
987.6,28.9,76.2,12.4,58.9,20.73,67.44,54.8,41.6,35.0,34.6
951.0,28.4,93.1,15.2,99.4,21.87,70.99,98.3,95.3,92.1,57.6
998.3,28.1,70.2,8.3,48.7,16.71,69.04,44.4,42.9,41.6,35.7
963.5,30.6,75.2,21.9,110.6,15.76,72.48,116.2,119.0,123.5,125.6
929.4,31.1,94.9,11.1,113.6,23.23,70.69,108.7,105.5,101.7,61.3
978.3,28.8,85.9,8.8,68.0,20.81,66.33,60.2,51.3,37.3,36.9
987.2,30.4,76.8,19.8,83.7,21.92,66.25,84.9,93.3,103.5,61.9
943.8,31.1,71.7,21.9,113.1,14.12,66.86,108.6,97.9,88.8,76.4
993.0,30.8,70.7,22.6,59.1,17.37,71.17,56.7,51.8,38.9,33.7
997.5,28.0,76.4,16.9,50.6,21.06,64.23,44.8,42.3,37.8,30.8
940.2,31.3,92.9,11.7,131.0,14.74,65.96,139.3,149.9,166.4,161.9
1004.5,28.8,80.8,21.3,46.9,19.39,71.69,50.5,56.2,64.5,59.1
927.8,28.7,88.7,20.6,139.3,18.08,69.44,142.1,150.7,163.5,153.5
933.4,27.5,93.9,12.4,105.6,14.17,65.93,101.5,95.8,88.0,79.9
931.8,29.3,80.6,24.3,133.3,16.24,65.86,138.2,143.0,152.9,145.6
996.4,27.7,75.0,9.9,45.0,16.71,71.33,40.0,40.0,35.0,30.7
974.5,28.3,83.4,25.7,62.6,15.06,71.6,55.7,40.0,35.0,36.7
928.8,28.6,93.6,23.5,138.4,20.0,66.18,142.8,154.4,166.0,158.8
955.1,30.7,90.9,20.4,113.9,16.3,67.57,117.1,124.2,133.8,125.1
971.0,31.0,71.7,24.9,90.7,16.64,71.09,85.2,75.9,60.7,60.6
922.6,28.5,88.0,21.0,114.1,22.53,70.55,112.5,103.8,92.8,57.6
995.3,30.9,84.9,11.4,53.9,18.44,70.92,54.0,49.3,51.6,49.1
988.1,30.9,93.6,16.0,75.9,17.73,68.41,87.5,98.3,112.8,102.1
961.0,30.5,73.2,9.3,106.7,20.88,71.75,106.5,106.0,105.6,100.0
1003.0,27.8,83.9,15.0,45.0,22.64,66.77,40.1,40.0,39.1,30.0
953.0,30.2,92.9,21.3,94.2,14.24,65.33,90.1,85.6,82.2,82.8
1004.6,31.3,80.7,15.0,55.1,18.26,70.02,62.7,68.6,78.0,71.4
975.8,30.1,82.5,13.9,73.7,19.8,68.58,68.0,59.6,47.8,53.4
972.8,28.6,71.8,18.7,101.3,17.03,71.26,101.8,103.9,105.7,102.4
930.1,29.4,77.2,23.7,111.6,21.34,64.69,103.6,89.5,70.3,61.5
995.3,30.0,78.4,8.9,53.1,23.23,71.17,50.9,44.9,46.5,30.0
953.9,29.4,94.6,14.9,105.4,22.96,66.49,106.9,108.3,115.2,76.4
929.8,27.7,77.3,10.8,114.9,16.53,69.57,109.4,103.0,91.1,90.9
916.1,28.5,82.0,20.5,140.8,16.15,64.34,142.3,147.9,155.2,147.5
965.9,30.7,87.5,9.9,111.6,23.1,69.18,117.7,127.4,147.1,91.7
963.0,30.9,74.2,20.0,118.1,18.36,70.1,126.2,139.2,158.8,146.8
980.5,27.8,82.6,13.2,88.6,15.98,67.13,94.9,91.7,101.5,101.0
996.0,31.3,89.2,11.6,73.8,20.72,65.83,78.7,93.1,102.5,93.9
922.2,28.6,92.5,24.9,119.0,16.7,68.57,115.0,109.1,99.1,97.1
981.6,30.0,86.3,8.3,74.5,16.54,71.08,73.2,73.7,77.3,78.1
932.1,30.4,87.4,15.9,149.2,22.35,66.75,157.8,170.7,191.9,119.2
993.1,30.7,73.3,8.4,48.9,15.54,66.15,43.1,40.0,35.0,36.6
989.5,31.3,94.6,16.7,70.8,14.61,66.37,74.8,77.9,94.2,96.0
964.2,28.5,73.4,17.0,75.5,16.56,72.07,67.7,55.7,35.0,34.2
979.6,30.9,90.1,13.8,80.4,19.77,67.05,77.0,80.2,87.7,82.7
943.6,27.8,76.9,10.4,123.3,15.17,64.03,125.3,128.9,130.4,123.6
957.9,30.2,94.3,14.8,110.0,18.48,70.64,113.0,118.4,131.4,122.2
989.8,30.4,88.7,20.1,65.6,19.96,69.94,66.9,64.0,65.1,59.1
956.8,30.1,89.6,22.1,126.2,22.06,65.09,133.8,151.8,183.0,115.0
947.6,28.3,75.7,17.6,127.2,16.18,72.37,133.4,141.0,151.5,143.3
960.0,31.0,81.5,18.6,122.0,21.76,69.17,131.3,147.8,164.0,102.8
990.4,27.9,86.1,11.6,72.4,16.23,68.26,75.4,78.0,84.4,75.0
945.5,27.4,90.0,13.2,107.9,20.43,67.25,108.6,106.2,105.7,100.1
930.8,30.3,72.7,10.9,133.1,18.09,71.64,131.6,135.1,139.1,135.8
979.8,29.2,95.0,12.5,94.8,15.09,66.07,100.9,118.4,138.0,127.1
990.2,30.9,93.1,12.0,64.7,20.79,66.43,67.7,70.5,84.4,80.2
924.2,28.8,77.0,17.4,127.1,16.07,65.04,122.4,114.9,106.4,94.6
936.8,27.9,91.4,18.1,122.4,15.68,70.45,127.2,133.3,138.4,126.9
927.9,30.8,83.5,25.0,156.1,17.4,69.06,165.0,180.0,200.7,193.5
946.7,29.6,82.0,11.5,132.3,20.21,69.18,139.5,151.7,167.4,158.0
956.0,28.0,78.2,19.6,102.8,16.22,65.86,105.2,102.1,99.6,101.0
983.1,30.3,85.1,22.7,95.7,15.74,69.53,101.3,117.2,135.2,129.9
974.3,29.4,89.0,18.1,93.6,14.09,70.51,96.6,99.6,107.0,103.5
971.5,29.8,80.7,12.6,89.6,18.48,67.04,89.9,88.6,82.3,74.4
947.1,29.2,86.4,12.7,113.2,18.07,70.81,114.6,112.6,108.2,101.4
991.6,30.8,88.2,8.7,82.6,16.22,66.96,89.1,100.1,115.9,107.5
957.9,30.8,88.5,13.5,113.2,14.51,70.44,117.7,125.7,143.7,132.8
1004.1,30.3,71.4,21.4,46.3,18.08,64.29,43.5,41.7,41.3,41.6
972.7,27.7,92.4,8.9,63.5,21.49,68.68,59.8,52.0,36.3,37.6
926.5,30.8,81.9,11.9,128.1,20.8,72.24,126.0,124.9,117.2,112.7
976.5,30.1,76.8,20.7,86.4,22.18,72.34,85.8,84.3,82.1,48.0
944.6,30.2,76.3,22.1,121.7,14.09,66.39,123.1,127.0,140.6,134.7
977.5,28.8,82.6,16.2,86.0,23.18,67.75,88.2,92.3,98.6,54.5
921.3,31.0,93.1,20.6,124.9,17.24,64.54,124.0,124.7,124.0,122.5
930.9,30.3,79.8,15.0,152.5,23.41,71.42,158.3,163.6,186.2,110.9
992.9,27.7,89.5,10.9,45.0,16.4,68.83,40.0,40.0,35.0,30.0
935.7,29.0,72.5,15.2,113.8,18.48,67.27,105.3,96.5,79.8,76.2
991.2,31.0,82.4,18.4,59.0,17.36,64.96,57.4,59.0,57.1,54.9
940.4,27.4,95.8,25.1,133.9,17.38,72.05,141.2,151.0,163.4,155.0
973.5,31.3,90.0,9.2,89.2,22.0,68.51,94.5,101.2,110.5,64.6
978.2,30.1,75.5,17.1,87.2,21.09,66.4,88.5,85.6,86.4,86.0
961.7,29.9,83.0,13.9,118.2,23.43,66.98,125.9,137.6,156.9,91.4
942.8,28.4,76.1,17.1,121.6,19.83,66.3,121.8,125.1,124.1,112.7
934.4,28.3,80.6,8.4,105.5,18.4,69.12,99.1,81.9,68.3,64.5
918.0,31.3,90.3,13.6,146.1,14.86,71.9,150.2,163.2,171.6,158.6
942.7,28.5,90.1,22.8,117.6,23.47,71.28,122.0,127.3,132.9,86.7
974.4,30.5,75.9,18.0,110.7,19.24,67.91,117.4,128.7,150.1,138.5
1000.4,28.9,94.0,16.1,45.0,20.65,71.03,45.5,40.1,39.9,43.4
994.3,27.8,85.4,13.1,48.1,17.86,67.6,44.7,40.0,35.0,36.9
984.7,27.2,79.9,13.4,59.7,19.2,66.14,55.5,46.5,36.2,38.7
986.7,29.5,83.1,14.9,74.6,22.95,72.36,71.2,72.6,80.0,56.2
975.5,31.4,85.7,23.0,99.6,15.58,66.58,106.0,118.0,131.4,125.1
938.7,28.8,84.6,25.4,116.9,16.78,66.75,114.7,110.1,102.4,93.7
997.6,28.7,82.6,15.9,61.2,15.44,72.41,63.3,69.6,78.9,74.6
976.0,28.7,83.1,15.1,63.9,21.53,65.14,53.7,40.0,35.0,30.0
966.0,29.4,74.6,23.2,93.2,14.59,70.46,90.5,84.9,68.9,63.0
925.1,29.1,91.1,15.7,134.0,14.78,71.95,137.9,145.3,156.4,149.1
955.7,31.0,84.1,17.9,118.7,16.84,68.35,119.8,127.6,136.6,128.6
956.9,29.4,73.4,12.2,92.4,18.88,64.02,83.5,71.2,60.7,55.1
993.7,29.4,89.9,21.4,75.8,17.86,67.19,82.9,92.1,104.3,98.2
964.7,27.8,94.2,17.6,97.5,14.43,64.95,101.7,110.1,110.3,106.7
949.6,31.4,94.6,22.6,109.3,23.1,67.54,112.4,120.2,127.6,82.5
1003.9,28.3,79.6,22.1,45.0,23.05,70.72,47.4,48.6,51.1,30.0
925.1,27.5,73.5,11.9,111.9,16.65,67.73,102.9,81.8,60.5,56.4
953.5,30.1,83.5,20.9,127.4,20.95,67.67,133.9,151.9,168.0,159.1
918.8,29.8,72.9,22.4,126.9,19.5,68.73,120.3,111.9,95.3,86.4
982.3,29.0,94.3,14.2,94.2,16.26,68.94,99.1,111.2,129.5,122.6
998.5,29.0,74.8,11.1,70.3,16.49,71.28,78.8,85.8,96.8,92.5
940.5,30.6,76.6,8.0,109.2,18.67,66.62,106.2,98.8,90.8,88.1
993.1,28.0,80.6,16.1,57.1,17.98,70.98,50.9,45.8,38.3,36.7
941.6,30.7,80.0,14.3,131.6,16.77,68.81,135.6,144.6,152.7,142.0
997.9,30.0,90.7,18.0,69.6,21.67,66.55,75.7,83.6,105.8,72.6
983.6,29.0,81.9,11.4,70.3,18.57,66.51,67.3,62.3,55.2,55.4
988.2,29.2,74.4,23.5,64.6,20.22,67.07,61.9,64.3,61.7,60.6
916.6,28.3,76.9,12.6,110.1,15.8,69.29,100.8,84.9,60.0,60.5
1002.6,30.4,83.2,12.1,45.0,19.07,65.96,41.2,40.0,35.0,34.1
981.1,29.4,73.8,16.7,73.6,17.02,71.82,70.8,62.3,54.0,55.8
942.7,28.6,85.9,17.0,117.3,19.0,68.89,117.2,118.8,119.6,113.8
990.5,29.8,84.7,11.9,72.5,21.42,71.82,73.3,78.0,80.1,76.1
940.6,31.5,88.6,12.9,122.2,21.3,64.39,125.6,130.8,135.8,131.2
994.4,29.1,94.4,11.1,78.2,17.37,66.91,86.4,98.1,121.0,120.4
925.2,31.2,93.7,20.9,145.5,20.6,64.19,152.9,166.1,187.2,183.2
979.0,28.7,94.6,21.9,93.8,22.94,66.31,101.0,117.7,135.5,86.1
964.2,27.4,76.4,16.3,106.7,19.94,71.33,109.3,115.7,127.4,122.8
923.8,28.1,73.4,20.9,136.8,15.41,64.31,136.7,135.6,140.8,136.2
937.0,29.0,77.9,21.2,124.7,20.46,67.71,125.0,115.7,110.8,108.7
916.1,28.1,93.3,10.5,122.7,15.0,65.0,116.6,110.4,94.6,94.4
957.7,27.2,95.3,25.4,96.8,22.29,67.54,95.1,95.7,91.7,56.0
942.4,31.1,92.3,22.8,134.6,18.91,71.13,142.6,151.0,169.5,165.6
969.5,30.8,72.9,11.7,110.3,17.66,69.3,114.9,125.8,144.3,138.3
942.0,30.4,94.6,11.4,121.4,14.54,70.26,121.6,125.9,138.6,133.9
942.3,27.9,81.0,10.3,117.4,17.62,66.97,118.3,119.7,117.1,116.1
982.6,27.7,70.2,10.5,65.5,22.58,72.03,55.9,43.4,35.0,30.0
919.4,27.5,81.5,21.5,107.1,14.2,70.03,94.6,81.3,51.7,52.3
997.2,30.3,71.2,16.5,76.8,18.51,67.59,83.2,92.1,99.0,92.7
992.6,31.2,84.1,22.1,83.0,22.85,67.62,90.0,99.7,115.0,76.5
975.8,29.1,78.8,21.4,88.5,17.75,71.81,90.0,91.1,90.5,88.4
969.0,27.7,82.3,18.9,65.4,18.07,68.9,53.7,40.0,35.0,33.7
996.2,29.4,85.9,20.4,48.1,19.5,70.0,44.5,42.5,35.0,37.1
931.9,28.7,92.6,8.3,107.3,18.4,67.54,102.9,97.2,81.4,86.4
922.2,28.8,87.2,13.6,133.4,15.6,65.9,133.6,141.4,139.9,128.8
936.8,29.9,81.3,19.5,101.9,14.18,70.15,97.0,85.5,70.0,63.7
987.3,30.3,91.3,8.2,90.5,19.79,69.17,100.1,113.3,131.8,134.6
918.2,27.7,93.5,8.6,149.8,22.75,68.26,152.6,162.5,183.2,115.1
968.0,27.4,73.1,23.3,72.1,15.01,69.3,61.9,44.8,35.0,33.9
1005.6,31.5,83.8,20.3,45.0,16.0,65.77,43.0,40.0,35.0,32.8
992.9,28.2,77.4,12.8,74.0,17.52,70.75,76.1,79.7,84.9,84.8
962.5,27.4,71.2,20.4,112.0,21.68,72.06,109.8,109.6,104.8,74.1
920.8,28.0,87.4,22.3,147.6,16.56,71.57,153.6,159.4,167.4,156.7
990.7,27.4,92.4,13.5,72.8,22.38,66.73,81.2,90.3,98.4,60.7
969.5,28.9,74.2,8.6,103.2,14.52,67.45,104.4,107.5,109.4,102.7
925.5,30.7,91.1,24.8,118.9,22.94,70.87,118.4,111.9,99.7,64.4
923.5,28.7,92.2,14.2,121.2,19.33,69.06,118.0,111.7,108.6,107.5
997.8,29.1,93.8,9.9,45.0,20.26,68.66,42.9,40.0,35.9,39.8
975.9,30.1,76.9,16.9,76.3,17.49,71.88,73.7,72.6,61.1,60.7
990.5,29.4,93.5,21.8,66.8,21.43,68.56,68.2,68.8,80.1,84.9
995.0,30.9,78.3,12.0,54.0,15.58,68.38,50.8,47.9,35.0,31.2
967.0,30.9,84.4,12.9,98.7,14.46,64.36,101.3,104.0,107.4,99.1
962.1,27.2,71.3,12.4,96.5,17.76,64.59,97.2,84.8,77.3,78.6
954.2,30.5,71.1,25.9,107.7,22.11,64.06,107.0,110.1,105.1,65.6
943.8,29.2,88.7,11.6,116.4,21.17,71.76,115.8,118.1,116.0,105.4
954.5,31.5,81.6,18.4,102.3,18.91,67.47,100.3,95.4,91.3,85.6
985.4,29.3,76.7,24.7,54.3,19.44,67.98,50.5,40.0,35.0,34.1
969.8,31.4,75.0,10.6,103.5,15.23,71.19,106.9,108.9,115.0,107.0
996.2,30.4,87.4,25.5,53.2,21.99,69.18,50.8,53.7,45.3,30.0
955.3,28.3,70.0,25.1,116.2,21.48,69.18,116.0,116.4,114.3,107.8
970.2,29.5,91.0,23.9,80.5,20.24,66.52,74.9,69.5,62.6,55.7
972.4,31.5,72.1,11.9,105.1,18.43,71.09,109.0,112.3,118.6,114.9
968.8,30.9,75.0,19.4,120.9,23.16,65.41,129.8,142.8,160.8,92.9
978.9,27.6,80.0,21.7,78.5,22.35,64.45,76.5,78.2,74.7,46.6
936.6,30.2,82.6,25.7,126.2,20.12,65.63,125.9,130.4,127.6,123.0
961.6,28.7,79.2,11.2,113.6,17.53,66.28,115.3,120.5,129.0,122.2
924.5,27.2,78.3,21.8,102.6,19.87,66.4,92.5,76.3,47.5,49.0
950.0,28.9,95.1,14.1,127.2,19.47,69.7,135.7,148.7,173.5,160.1
959.4,28.2,86.7,11.2,79.2,17.75,65.85,70.8,55.7,35.0,30.8
974.4,30.7,70.6,15.6,85.3,16.91,69.75,85.3,86.9,77.8,72.8
1001.5,28.7,81.2,22.3,50.8,17.87,64.77,50.3,55.9,55.5,55.3
969.7,30.8,92.8,16.4,102.5,19.45,65.25,108.6,118.4,129.0,123.3
982.7,27.2,77.8,17.7,55.9,18.07,68.32,49.6,41.0,35.0,40.8
961.1,28.5,72.5,25.9,95.6,16.5,71.84,90.8,86.3,74.5,67.9
972.7,28.2,89.7,15.2,74.2,21.23,71.31,70.8,65.9,56.6,48.9
921.5,28.2,85.8,19.1,130.4,19.05,72.23,128.2,129.6,129.2,129.0
938.1,27.5,84.8,14.6,114.4,14.64,69.53,114.4,114.6,105.8,95.5
947.9,28.0,71.4,15.1,91.2,17.5,69.74,79.5,57.9,35.0,35.6
958.0,29.6,73.7,20.5,115.3,22.41,69.31,119.2,128.6,143.8,85.7
919.2,28.5,86.2,24.9,136.5,21.17,69.29,138.1,138.0,135.4,121.3
927.7,29.0,75.4,17.8,138.5,17.07,65.25,138.5,144.6,148.8,140.1
940.2,28.8,83.1,21.8,108.2,22.91,68.62,103.2,95.4,84.1,55.3
1003.4,31.0,84.2,9.6,45.0,14.73,67.28,46.3,45.4,45.4,38.8
945.2,31.1,77.4,11.8,128.0,23.13,67.76,130.8,138.6,153.0,96.9
958.9,29.3,94.7,17.0,114.1,16.33,68.45,126.1,138.2,158.9,153.6
932.8,28.6,91.9,8.4,141.1,14.09,65.09,147.3,159.1,177.5,164.1
970.6,27.7,88.8,12.6,89.8,18.12,67.06,87.1,90.0,86.9,81.7
940.5,31.3,72.0,17.3,127.9,17.41,64.54,130.5,128.0,130.8,129.8
933.8,27.5,72.8,8.3,98.3,19.12,72.33,90.3,66.9,37.3,37.7
962.0,28.5,82.8,12.8,95.0,21.57,65.01,90.6,86.9,79.4,48.3
915.5,28.5,74.2,17.3,144.3,22.0,66.2,144.6,142.6,141.6,89.2
915.7,28.6,95.4,18.3,120.3,17.81,71.58,116.5,112.9,105.8,98.2
934.9,27.9,74.1,24.7,116.0,18.08,68.1,112.3,109.6,100.8,99.7
918.3,30.6,82.7,19.6,137.3,15.41,65.15,138.4,140.7,145.3,141.9
924.8,27.7,79.5,15.5,139.6,14.45,67.27,141.0,143.7,156.1,148.8
945.8,29.9,86.6,24.7,123.4,20.09,64.98,125.6,134.8,142.0,135.7
988.0,27.7,73.4,22.1,45.6,14.61,65.7,40.0,40.0,35.0,30.0
967.1,27.5,81.2,11.6,83.5,20.97,64.44,76.9,75.3,63.0,55.1
961.7,31.1,77.1,10.4,117.7,19.12,67.72,121.6,126.3,132.8,124.8
941.7,28.0,93.1,20.2,108.9,15.89,70.86,106.1,101.8,92.8,87.8
999.8,30.7,71.1,18.1,45.0,19.13,68.98,40.0,40.0,35.0,37.0
951.1,29.5,93.8,22.2,119.6,15.74,69.15,125.7,131.9,146.3,142.2
922.9,27.5,91.7,21.3,124.4,18.17,65.7,119.8,122.9,126.9,121.2
971.2,31.3,77.7,19.3,80.3,21.6,66.92,75.3,69.9,62.6,43.0
925.4,28.3,90.5,25.8,145.7,18.39,71.18,154.3,165.0,172.8,160.9
946.4,30.9,70.8,17.6,112.5,15.41,64.75,107.6,99.2,95.3,94.3
961.2,27.9,95.1,10.0,84.9,20.88,71.29,85.5,83.1,77.6,71.0
994.6,30.9,83.7,22.9,57.6,15.77,68.11,57.6,58.9,63.5,64.6
959.9,27.3,77.9,12.5,94.2,21.02,71.12,91.1,88.4,81.4,77.3
978.9,29.4,79.4,22.0,88.5,18.55,66.7,88.3,88.6,89.6,78.2
1005.3,30.5,71.7,25.2,45.0,18.31,66.88,42.3,40.5,35.0,35.8
927.0,31.2,95.7,20.5,146.7,22.09,70.39,158.7,174.6,194.5,123.5
940.0,31.1,71.0,18.7,126.2,20.73,70.67,127.2,127.5,128.5,120.5
950.9,30.7,87.0,16.3,129.4,14.31,65.95,136.7,143.9,159.8,150.5
953.4,31.0,81.5,14.6,134.8,16.81,72.27,146.1,163.7,190.4,180.3
952.4,28.1,94.7,14.4,85.0,22.27,64.72,78.9,74.4,64.9,33.5
997.6,28.4,76.4,19.5,53.2,14.17,64.58,48.7,43.1,35.0,30.0
980.0,28.4,83.8,21.5,54.0,19.18,69.06,46.1,40.0,35.0,37.8
970.3,28.8,82.5,20.2,104.9,20.91,70.14,112.0,122.3,130.9,121.5
943.2,28.9,88.3,11.6,116.1,19.91,72.17,114.9,109.6,108.4,109.5
990.0,29.5,71.8,16.9,80.9,21.23,67.44,78.6,81.7,81.5,82.2
1001.9,27.9,75.0,22.2,45.0,20.89,64.21,40.0,40.0,35.0,38.7
989.7,30.2,75.6,16.6,55.7,20.57,69.12,51.2,47.0,35.0,31.0
915.1,27.9,89.2,17.7,145.4,21.8,66.46,146.7,157.9,170.1,99.8
972.9,28.5,74.9,21.9,69.5,20.13,67.68,57.7,43.6,35.0,30.0
919.7,29.4,84.9,19.9,149.9,17.82,68.15,156.5,162.2,174.7,164.4
938.4,30.6,75.6,15.4,122.0,18.48,64.55,119.7,116.8,111.5,97.6
920.4,30.4,92.4,24.1,120.9,20.81,68.13,115.5,107.5,100.4,93.7
969.9,30.0,94.5,10.9,80.6,22.32,67.62,78.0,71.1,66.4,40.5
977.5,27.9,83.5,25.9,59.9,16.59,70.06,49.8,40.0,35.0,30.0
925.4,29.6,79.2,10.1,136.2,17.25,69.49,138.3,143.1,150.5,139.3
949.9,27.6,76.1,8.3,119.9,22.84,65.57,121.2,125.4,129.2,79.3
956.5,28.8,71.3,24.0,113.3,19.5,65.75,112.7,115.4,121.4,116.6
948.6,29.0,77.0,12.4,110.6,15.7,66.13,108.0,105.3,100.7,92.5
926.0,27.4,87.0,21.1,110.8,20.31,65.52,104.9,93.6,78.1,75.2
953.1,28.4,83.9,22.6,122.4,23.41,69.59,126.2,128.7,140.1,87.4
983.4,31.3,94.5,23.5,74.6,21.82,72.45,77.2,82.4,87.7,54.5
921.5,31.3,80.3,25.8,150.1,21.08,69.54,158.7,165.7,173.3,162.4
922.3,28.7,88.0,13.3,140.4,15.98,69.16,143.9,143.8,150.3,138.2
947.3,27.4,82.7,20.8,100.3,22.32,67.48,96.3,88.2,79.5,55.2
1000.7,28.0,83.3,10.1,46.2,18.99,66.66,44.3,40.0,37.2,37.5
975.8,28.9,77.0,15.3,72.1,22.45,71.74,66.1,56.1,41.8,30.0
976.8,31.3,81.8,23.3,109.4,17.13,72.24,116.5,131.9,150.8,143.0
947.9,27.8,82.2,14.6,91.7,14.59,68.22,86.3,72.3,58.6,55.1
969.0,30.5,88.4,18.6,111.6,18.52,66.47,120.5,135.9,157.4,151.3
915.9,27.7,94.5,17.1,142.8,16.56,70.55,147.1,148.4,156.0,141.8
972.9,31.4,78.6,19.6,85.5,20.79,65.13,86.0,90.5,95.4,86.7
998.1,28.8,71.1,25.5,45.0,23.09,70.51,40.0,40.0,35.0,30.0
970.7,30.5,82.9,9.0,108.9,20.56,70.96,119.6,127.3,144.1,135.3
994.5,28.7,84.2,18.3,63.0,22.43,65.06,63.5,70.0,78.4,45.5
980.9,29.9,74.4,23.5,79.1,18.3,72.3,76.6,73.9,73.1,70.6
926.0,28.0,89.8,16.7,136.2,21.33,72.38,140.7,142.9,146.1,139.0
997.1,27.8,95.6,9.4,45.0,22.01,71.96,40.0,40.0,35.0,30.0
921.0,31.2,94.6,18.1,131.0,20.75,68.22,131.5,135.2,137.0,138.8
963.6,31.1,75.1,14.0,121.5,18.82,66.09,126.2,135.3,149.4,137.5
927.9,31.0,92.8,10.8,136.8,19.95,68.95,142.6,149.3,161.8,154.2
916.1,29.9,88.3,23.3,130.9,20.65,67.57,129.6,124.7,122.3,116.7
953.4,30.7,81.8,17.4,121.1,16.4,65.75,124.8,131.3,139.8,132.7
941.8,27.5,84.1,24.8,103.1,21.69,67.6,99.7,86.6,74.5,42.4
959.2,28.6,92.1,22.5,121.0,23.03,69.64,124.8,136.0,152.3,91.2
967.5,28.5,82.5,20.5,83.1,18.42,64.6,78.9,78.9,76.4,73.4
919.0,29.9,79.7,8.1,151.6,20.66,66.83,156.7,163.1,175.2,163.2
926.2,28.7,82.8,15.7,116.5,21.0,64.15,108.5,97.2,78.0,74.6
965.8,27.8,85.1,11.6,93.7,20.29,70.37,90.6,87.4,81.4,76.4
946.2,29.8,74.9,24.4,125.5,19.2,69.45,127.3,133.0,140.2,133.7
981.4,30.7,93.4,11.1,71.8,22.38,64.53,72.1,73.9,68.4,39.1
974.4,28.8,87.5,13.1,100.8,18.26,72.2,109.7,123.9,142.7,136.1
991.9,27.8,86.5,17.3,61.4,14.58,64.19,60.0,55.9,49.7,44.1
978.0,28.0,72.6,12.7,82.1,22.02,69.01,81.3,79.3,72.2,45.3
954.1,28.2,85.7,11.8,109.8,20.4,70.6,112.8,119.9,119.0,117.8
976.2,28.5,73.1,18.8,70.2,22.07,70.7,63.3,49.4,35.0,30.0
940.1,30.0,72.0,9.6,109.8,15.32,64.29,104.5,98.0,89.2,85.9
942.9,29.8,83.7,9.0,139.0,14.29,71.7,142.9,153.5,172.3,166.6
986.8,30.2,80.5,14.7,65.4,22.88,71.81,63.2,60.1,50.2,30.0
955.6,28.8,85.3,21.0,99.5,15.4,68.77,96.8,98.7,93.5,94.8
987.7,30.7,72.3,18.0,60.2,21.69,68.1,53.3,44.9,35.0,30.0
989.8,28.1,81.2,15.6,71.0,21.82,64.38,70.9,68.0,62.2,41.7
993.0,29.2,74.5,18.2,61.1,20.73,68.78,57.6,51.6,43.8,44.2
998.4,30.6,95.7,14.6,62.4,15.25,67.48,66.9,77.5,94.1,86.2
954.2,28.0,84.6,24.9,109.1,20.34,70.57,108.7,106.7,101.7,100.1
944.0,27.7,87.9,9.0,111.4,22.45,67.43,109.6,108.0,99.3,63.3
968.0,31.0,78.5,20.1,111.0,18.04,69.81,117.7,126.3,138.7,138.4
948.8,28.7,72.5,24.0,99.9,17.93,64.86,93.2,85.4,66.5,63.8
969.7,30.1,95.4,22.5,96.6,18.21,65.13,102.5,114.1,132.8,125.8
979.2,27.3,77.4,11.3,56.4,14.78,65.19,45.2,40.0,35.0,31.4
977.6,30.2,81.0,13.3,93.0,22.47,64.39,97.2,108.6,122.3,69.7
949.1,28.6,86.9,20.9,106.9,22.26,68.6,103.0,96.6,87.4,53.1
930.2,27.4,70.6,9.5,103.3,23.48,70.75,91.3,70.5,46.8,30.0
954.2,29.8,91.1,22.6,98.3,19.56,69.19,96.7,95.9,90.9,87.3
928.0,28.2,84.0,20.9,107.2,21.14,68.89,98.6,87.1,74.2,65.5
996.0,28.9,77.2,21.1,45.0,15.93,69.79,40.0,40.0,35.0,32.4
946.5,27.5,71.6,9.8,115.0,20.34,66.89,110.1,108.6,101.0,98.0
929.1,27.8,74.2,20.9,114.3,20.17,67.08,108.3,100.7,92.0,89.7
917.3,28.5,93.3,20.2,148.6,22.56,66.67,155.9,161.0,172.6,100.5
973.8,27.6,87.8,23.0,73.8,21.89,70.05,70.8,62.0,51.0,34.1
973.0,31.1,76.5,8.7,106.6,22.92,65.37,113.6,123.5,140.9,86.5
946.0,27.2,71.7,8.4,98.3,22.25,64.11,88.3,75.9,53.7,32.6
921.5,29.3,88.0,14.7,130.7,22.25,69.07,129.1,129.5,132.8,74.1
952.3,27.7,84.9,10.7,101.9,14.61,72.01,98.1,101.9,106.9,106.8
943.3,28.5,80.5,18.1,122.8,22.04,69.18,126.8,126.5,127.5,79.7
976.6,31.2,79.5,24.5,70.3,19.77,70.65,63.2,51.4,38.6,31.3
970.1,27.9,75.6,15.0,104.3,17.61,69.72,108.3,110.8,123.5,118.6
948.2,31.4,87.4,23.2,137.2,14.54,68.23,145.9,161.6,190.2,181.9
934.8,28.1,95.2,8.0,127.7,20.44,70.11,134.3,143.0,150.8,147.5
1004.9,30.4,74.6,11.0,45.0,17.12,71.0,42.2,40.0,35.0,32.2
956.3,29.6,85.5,8.5,87.1,18.44,65.91,77.8,63.1,45.7,43.5
977.6,31.0,81.0,13.9,83.4,20.48,66.86,81.4,83.9,80.9,74.6
927.8,29.6,81.6,24.3,111.5,22.66,65.9,107.4,93.4,81.1,52.4
959.2,29.5,76.6,9.7,115.2,21.84,67.84,119.4,121.8,130.0,77.9
917.5,28.0,91.5,18.9,114.3,18.28,71.52,108.3,91.3,74.3,67.5
961.0,27.9,82.6,16.1,108.7,17.68,66.93,110.5,115.9,119.5,113.3
1002.7,31.1,84.1,24.9,68.6,16.28,67.18,81.0,96.2,117.5,107.4
950.0,28.6,77.9,10.2,124.2,17.54,71.31,128.0,139.3,139.8,138.4
918.5,28.8,74.7,11.8,127.3,15.05,68.38,121.7,118.6,110.7,112.0
917.8,30.5,72.2,8.5,134.6,23.23,68.55,129.9,126.8,121.0,73.4
950.3,28.7,88.6,15.8,111.9,19.45,71.32,111.6,115.5,114.3,103.7
929.6,31.3,75.1,13.0,118.0,15.21,68.17,115.5,103.9,92.7,89.3
917.1,30.4,87.9,23.7,145.5,17.35,69.79,147.8,153.9,159.9,150.2
983.8,29.8,80.1,18.9,91.1,19.2,64.73,97.2,107.5,123.5,121.5
956.7,31.0,80.8,19.1,114.6,19.06,65.52,116.4,122.8,130.0,120.7
941.3,27.4,82.2,17.6,103.5,14.34,67.44,96.5,85.5,72.9,71.2
996.9,28.3,79.6,9.7,45.0,23.03,68.21,40.0,40.0,35.0,30.0
925.6,29.2,72.6,16.0,130.7,16.62,72.21,130.3,125.1,126.8,118.0
1002.0,28.2,78.1,26.0,45.0,14.15,72.25,43.2,40.0,35.0,34.1
943.6,30.4,87.3,23.0,129.0,14.73,71.24,133.2,139.7,151.1,146.6
995.8,31.2,87.3,24.1,56.1,19.51,66.68,54.8,57.3,61.3,58.6
969.9,29.0,77.4,22.8,73.6,15.31,72.19,66.4,48.7,35.0,33.6
990.2,28.7,82.0,9.9,86.0,14.4,69.86,88.4,96.0,109.7,101.1
1004.5,31.3,75.0,12.1,45.0,17.61,67.34,43.2,40.0,35.0,37.3
941.2,29.1,75.5,8.1,118.0,19.92,69.96,113.7,106.4,97.2,96.0
1002.5,29.3,70.6,13.5,53.8,15.06,64.14,53.1,53.9,57.8,53.5
950.4,28.7,93.3,10.0,87.8,16.98,65.24,82.5,73.0,59.1,55.7
950.1,31.1,75.5,16.5,116.9,17.97,71.05,116.7,120.2,128.5,127.0
946.0,29.6,75.9,20.2,124.0,15.51,69.49,124.4,125.7,128.0,117.7
964.3,30.5,77.3,23.7,115.8,18.81,67.1,121.8,132.9,138.2,133.4
929.0,30.7,73.3,21.5,143.7,14.81,68.26,143.4,151.9,160.4,150.4
965.4,28.7,86.6,24.9,83.3,14.44,71.69,81.0,75.4,56.0,59.4
964.3,29.1,72.0,9.0,92.7,18.94,69.37,88.7,81.6,73.2,69.8
984.3,30.8,73.5,8.2,62.3,16.36,67.38,54.6,44.1,35.0,37.7
990.9,28.8,86.8,19.9,72.4,14.91,65.02,74.2,78.3,83.3,76.5
955.1,30.6,78.8,13.2,128.7,18.03,66.5,137.2,149.3,164.4,151.8
942.5,31.2,88.4,12.6,147.8,22.69,72.32,160.1,177.6,211.0,130.0
938.6,29.9,84.5,14.0,123.7,20.88,67.72,127.2,127.2,125.3,120.0
932.7,30.4,76.7,12.9,114.0,21.75,68.01,106.0,93.5,76.9,45.9
920.2,30.7,86.9,17.2,136.1,22.28,68.24,136.6,134.5,136.6,87.4
946.2,30.8,73.0,15.9,129.3,23.24,71.51,133.4,139.5,153.5,94.5
939.6,28.9,83.9,17.2,100.4,21.25,69.13,95.6,81.6,69.9,59.1
1002.9,27.4,81.4,20.1,45.0,19.78,69.9,40.0,40.0,35.0,35.2
965.8,28.9,77.0,15.0,113.0,17.47,67.31,117.0,127.7,144.1,133.8
946.6,30.1,85.7,12.5,106.0,15.73,64.25,102.8,96.3,84.2,78.7
967.8,29.1,92.7,11.0,105.7,20.52,71.91,108.9,121.4,133.4,132.2
927.7,30.4,96.0,14.3,148.7,23.45,72.07,157.7,172.9,198.6,129.4
955.4,28.7,85.8,21.4,117.5,18.44,72.07,122.2,123.7,128.5,120.0
972.0,29.9,80.5,21.6,92.6,20.87,72.02,90.5,91.3,91.2,88.7
959.5,28.0,75.9,20.0,101.2,18.7,70.93,100.8,97.1,88.2,81.9
951.6,30.4,76.7,12.2,124.6,18.1,69.82,126.2,133.5,145.4,137.1
1005.4,29.5,82.5,18.6,46.7,17.9,71.18,51.1,58.7,70.6,65.0
995.1,28.1,79.5,18.3,45.0,18.79,69.1,40.8,40.0,35.0,30.0
971.7,28.5,93.8,16.7,68.6,17.49,65.14,62.5,48.4,35.0,33.6
966.8,30.4,79.6,17.9,88.9,21.11,67.33,86.5,79.7,72.1,69.5
971.5,29.3,79.7,16.9,95.0,22.31,72.26,95.2,97.3,100.6,60.0
933.3,28.1,80.0,18.2,123.8,22.39,66.98,123.1,122.0,126.0,81.9
951.0,31.4,91.8,20.9,129.0,16.16,71.38,139.5,152.2,169.3,159.3
918.6,30.3,86.9,10.0,154.0,22.51,64.79,160.4,174.7,193.6,117.8
958.3,31.3,86.0,21.5,107.3,17.24,66.84,109.3,118.7,124.0,119.6
964.4,29.0,78.7,10.4,92.2,16.94,66.98,91.1,88.5,76.6,67.4
935.7,29.2,91.3,9.2,115.2,20.9,64.44,111.7,112.5,103.1,101.1
1002.7,31.1,71.0,25.6,45.8,16.89,65.01,44.2,43.4,35.0,31.8
997.8,29.5,92.6,25.2,57.3,14.5,65.64,62.3,72.8,84.0,83.3
980.7,30.2,83.3,9.1,86.7,17.55,71.12,90.7,96.3,106.3,105.5
963.5,28.3,80.4,16.0,85.7,20.85,64.54,80.0,72.3,61.6,60.8
994.2,29.1,82.9,11.4,67.1,17.11,66.54,67.8,69.7,75.3,68.7
926.9,27.7,87.4,16.7,135.6,19.98,64.09,136.1,139.5,142.3,130.8
986.9,28.1,70.3,22.9,72.3,20.27,69.91,70.7,66.8,65.0,56.8
926.4,27.2,92.7,25.1,129.2,20.97,69.27,129.7,134.4,136.8,133.8
987.3,27.4,81.6,19.4,78.4,22.52,69.48,82.7,88.3,96.5,59.4
940.1,31.4,78.9,14.4,112.7,18.11,67.18,109.9,105.6,99.3,92.2
994.8,28.2,73.6,18.9,45.0,15.58,65.77,40.0,40.0,35.0,32.8
1000.9,30.1,81.4,13.6,60.2,17.03,70.12,64.6,74.0,85.1,84.7
928.5,30.8,82.9,24.4,154.2,18.11,70.89,162.0,178.3,200.9,193.6
957.1,29.6,80.5,23.7,96.2,20.78,65.18,94.4,84.2,75.4,73.1
1004.3,27.9,87.6,18.0,45.9,14.12,68.14,47.9,49.4,59.2,58.4
959.0,30.3,80.9,13.8,109.5,17.0,66.11,111.7,119.3,122.7,117.2
993.6,29.8,95.0,13.3,77.5,21.41,65.43,89.2,104.4,119.7,114.8
968.6,30.3,85.6,8.6,106.8,20.37,70.24,113.7,122.6,133.4,127.5
949.2,30.5,91.0,22.7,103.8,20.95,68.57,105.8,103.3,105.1,99.9
941.0,31.4,72.8,16.1,108.8,21.71,65.84,108.0,102.2,94.1,61.0
933.5,29.7,80.3,13.9,137.2,21.44,66.64,139.9,148.6,159.4,152.7
984.3,28.7,78.8,16.5,80.9,20.48,72.22,83.2,81.0,78.2,71.2
950.2,30.0,84.8,22.7,129.6,18.18,71.21,139.0,150.2,166.7,160.2
961.5,27.5,92.4,10.2,108.5,23.34,71.48,116.2,125.2,133.2,83.5
959.8,31.1,72.0,23.4,89.3,19.41,67.91,84.6,74.9,55.6,55.0
967.5,27.7,71.9,24.2,79.7,15.93,69.3,74.6,63.8,45.4,42.7
993.8,28.6,92.1,25.0,56.7,16.78,67.2,56.0,57.2,58.6,58.5
1004.2,30.7,75.5,15.2,45.0,20.59,64.66,40.4,40.0,35.0,33.0
952.1,29.8,87.4,11.9,99.4,22.79,67.41,95.3,86.8,80.5,52.4
